_id,organizationId,employeeId,dateKey,date,shiftId,branchId,checkInAt,checkOutAt,checkInSource,checkOutSource,workedMinutes,isLate,lateByMinutes,status,notes,manuallyEditedBy,manuallyEditedByName,manuallyEditedAt,isDeleted,deletedAt,id,createdAt,updatedAt,lifelineApplied,unverifiedMinutes,dayClosed,reopenReason,reopenedByName,suggestedCheckOutAt,reopenedBy,reopenedAt
6a44a1153e24124ff06a4cbc,6a449eaf3e24124ff06a4a45,6a44a09b3e24124ff06a4bea,2026-07-01,2026-07-01T00:00:00Z,,,2026-07-01T03:30:00Z,2026-07-01T12:30:00Z,manual,manual,540,false,0,present,Marked on time manually for recorded shift.,6a449eaf3e24124ff06a4a45,Signet AI,2026-08-08T11:11:05.289Z,false,,6a44a1153e24124ff06a4cbc,2026-07-01T05:09:41.993Z,2026-08-08T11:11:05.291Z,[],0,,,,,,
6a44a29a3e24124ff06a4d52,6a449eaf3e24124ff06a4a45,6a44a1d53e24124ff06a4cf5,2026-07-01,2026-07-01T00:00:00Z,,,2026-07-01T03:30:00Z,2026-07-01T12:30:00Z,manual,manual,540,false,0,present,Marked on time manually for recorded shift.,6a449eaf3e24124ff06a4a45,Signet AI,2026-08-08T11:10:59.935Z,false,,6a44a29a3e24124ff06a4d52,2026-07-01T05:16:10.060Z,2026-08-08T11:10:59.937Z,[],0,,,,,,
6a44ba303e0b932ccd4d76d9,6a449eaf3e24124ff06a4a45,6a44acd53e24124ff06a5763,2026-07-01,2026-07-01T00:00:00Z,6a44a98f3e24124ff06a53e4,6a44a9ef3e24124ff06a5439,2026-07-01T04:01:00Z,2026-07-01T12:31:00Z,manual,manual,510,false,0,present,Marked on time manually for Day Shift.,6a449eaf3e24124ff06a4a45,Signet AI,2026-08-08T11:10:53.061Z,false,,6a44ba303e0b932ccd4d76d9,2026-07-01T06:56:48.185Z,2026-08-08T11:10:53.062Z,[],0,,,,,,
6a44bafb3e0b932ccd4d78e4,6a449eaf3e24124ff06a4a45,6a44ab783e24124ff06a557f,2026-07-01,2026-07-01T00:00:00Z,6a44a98f3e24124ff06a53e4,6a44a9ef3e24124ff06a5439,2026-07-01T04:00:00Z,2026-07-01T12:30:00Z,manual,manual,510,false,0,present,Marked on time manually for Day Shift.,6a449eaf3e24124ff06a4a45,Signet AI,2026-08-08T11:10:49.964Z,false,,6a44bafb3e0b932ccd4d78e4,2026-07-01T07:00:11.114Z,2026-08-08T11:10:49.966Z,[],0,,,,,,
6a44bafc3e0b932ccd4d7900,6a449eaf3e24124ff06a4a45,6a44abdc3e24124ff06a5641,2026-07-01,2026-07-01T00:00:00Z,6a44a98f3e24124ff06a53e4,6a44a9ef3e24124ff06a5439,2026-07-01T04:00:00Z,2026-07-01T12:30:00Z,manual,manual,510,false,0,present,Marked on time manually for Day Shift.,6a449eaf3e24124ff06a4a45,Signet AI,2026-08-10T06:09:59.492Z,false,,6a44bafc3e0b932ccd4d7900,2026-07-01T07:00:12.031Z,2026-08-10T06:09:59.493Z,[],0,false,,,,,
6a45e4bd3e0b932ccd4d91af,6a449eaf3e24124ff06a4a45,6a44ab783e24124ff06a557f,2026-07-02,2026-07-02T00:00:00Z,6a44a98f3e24124ff06a53e4,6a44a9ef3e24124ff06a5439,2026-07-02T04:10:00Z,2026-07-02T12:40:00Z,manual,manual,510,false,0,half_day,,6a449eaf3e24124ff06a4a45,Signet AI,2026-08-08T11:11:33.209Z,false,,6a45e4bd3e0b932ccd4d91af,2026-07-02T04:10:37.278Z,2026-08-08T11:11:33.210Z,[],0,,,,,,
6a45e96c3e0b932ccd4d9310,6a449eaf3e24124ff06a4a45,6a44a1d53e24124ff06a4cf5,2026-07-02,2026-07-02T00:00:00Z,6a44a98f3e24124ff06a53e4,6a44a9ef3e24124ff06a5439,2026-07-02T04:30:00Z,2026-07-02T12:36:00Z,manual,manual,486,false,0,half_day,,6a449eaf3e24124ff06a4a45,Signet AI,2026-08-08T11:12:01.420Z,false,,6a45e96c3e0b932ccd4d9310,2026-07-02T04:30:36.864Z,2026-08-08T11:12:01.425Z,[],0,,,,,,
6a45ee153e0b932ccd4d9731,6a449eaf3e24124ff06a4a45,6a44acd53e24124ff06a5763,2026-07-02,2026-07-02T00:00:00Z,6a44a98f3e24124ff06a53e4,6a44a9ef3e24124ff06a5439,2026-07-02T04:50:00Z,2026-07-02T12:41:00Z,manual,manual,471,false,0,half_day,,6a449eaf3e24124ff06a4a45,Signet AI,2026-08-08T11:11:53.352Z,false,,6a45ee153e0b932ccd4d9731,2026-07-02T04:50:29.985Z,2026-08-08T11:11:53.353Z,[],0,,,,,,
6a45f31d3e0b932ccd4d9d11,6a449eaf3e24124ff06a4a45,6a44a09b3e24124ff06a4bea,2026-07-02,2026-07-02T00:00:00Z,6a44a98f3e24124ff06a53e4,6a44a9ef3e24124ff06a5439,2026-07-02T04:00:00Z,2026-07-02T12:30:00Z,manual,manual,510,false,0,present,Marked on time manually for Day Shift.,6a449eaf3e24124ff06a4a45,Signet AI,2026-08-19T12:04:56.048Z,false,,6a45f31d3e0b932ccd4d9d11,2026-07-02T05:11:57.827Z,2026-08-19T12:04:56.050Z,[],0,false,,,,,
6a46050c3e0b932ccd4db043,6a449eaf3e24124ff06a4a45,6a44abdc3e24124ff06a5641,2026-07-02,2026-07-02T00:00:00Z,6a44a98f3e24124ff06a53e4,6a44a9ef3e24124ff06a5439,2026-07-02T04:00:00Z,2026-07-02T12:30:00Z,manual,manual,510,false,0,present,Marked on time manually for Day Shift.,6a449eaf3e24124ff06a4a45,Signet AI,2026-08-01T07:37:50.676Z,false,,6a46050c3e0b932ccd4db043,2026-07-02T06:28:28.779Z,2026-08-01T07:37:50.680Z,[],0,,,,,,
6a47321a3e0b932ccd4dc474,6a449eaf3e24124ff06a4a45,6a44ab783e24124ff06a557f,2026-07-03,2026-07-03T00:00:00Z,6a44a98f3e24124ff06a53e4,6a44a9ef3e24124ff06a5439,2026-07-03T03:52:00Z,2026-07-03T12:37:00Z,manual,manual,525,false,0,present,,6a449eaf3e24124ff06a4a45,Signet AI,2026-08-08T11:12:35.918Z,false,,6a47321a3e0b932ccd4dc474,2026-07-03T03:52:58.967Z,2026-08-08T11:12:35.920Z,[],0,,,,,,
6a473a5e3e0b932ccd4dc5f1,6a449eaf3e24124ff06a4a45,6a44abdc3e24124ff06a5641,2026-07-03,2026-07-03T00:00:00Z,6a44a98f3e24124ff06a53e4,6a44a9ef3e24124ff06a5439,2026-07-03T04:28:00Z,2026-07-03T12:44:00Z,manual,manual,496,false,0,half_day,,6a449eaf3e24124ff06a4a45,Signet AI,2026-08-08T11:12:28.491Z,false,,6a473a5e3e0b932ccd4dc5f1,2026-07-03T04:28:14.391Z,2026-08-08T11:12:28.492Z,[],0,,,,,,
6a473a8a3e0b932ccd4dc659,6a449eaf3e24124ff06a4a45,6a44a1d53e24124ff06a4cf5,2026-07-03,2026-07-03T00:00:00Z,6a44a98f3e24124ff06a53e4,6a44a9ef3e24124ff06a5439,2026-07-03T04:28:00Z,2026-07-03T12:52:00Z,manual,manual,504,false,0,half_day,,6a449eaf3e24124ff06a4a45,Signet AI,2026-08-08T11:12:57.479Z,false,,6a473a8a3e0b932ccd4dc659,2026-07-03T04:28:58.223Z,2026-08-08T11:12:57.481Z,[],0,,,,,,
6a473a943e0b932ccd4dc678,6a449eaf3e24124ff06a4a45,6a44a09b3e24124ff06a4bea,2026-07-03,2026-07-03T00:00:00Z,6a44a98f3e24124ff06a53e4,6a44a9ef3e24124ff06a5439,2026-07-03T04:00:00Z,2026-07-03T12:32:00Z,manual,manual,512,false,0,present,Marked on time manually for Day Shift.,6a449eaf3e24124ff06a4a45,Signet AI,2026-08-08T11:13:04.843Z,false,,6a473a943e0b932ccd4dc678,2026-07-03T04:29:08.701Z,2026-08-08T11:13:04.843Z,[],0,,,,,,
6a473bac3e0b932ccd4dc6f6,6a449eaf3e24124ff06a4a45,6a44acd53e24124ff06a5763,2026-07-03,2026-07-03T00:00:00Z,6a44a98f3e24124ff06a53e4,6a44a9ef3e24124ff06a5439,2026-07-03T04:33:00Z,2026-07-03T12:36:00Z,manual,manual,483,false,0,half_day,,6a449eaf3e24124ff06a4a45,Signet AI,2026-08-08T11:12:51.225Z,false,,6a473bac3e0b932ccd4dc6f6,2026-07-03T04:33:48.853Z,2026-08-08T11:12:51.227Z,[],0,,,,,,
6a488fe36701dc33031e06bd,6a449eaf3e24124ff06a4a45,6a44a09b3e24124ff06a4bea,2026-07-04,2026-07-04T00:00:00Z,6a44a98f3e24124ff06a53e4,6a44a9ef3e24124ff06a5439,2026-07-04T04:00:00Z,2026-07-04T12:30:00Z,manual,manual,510,false,0,present,Marked on time manually for Day Shift.,6a449eaf3e24124ff06a4a45,Signet AI,2026-08-19T12:07:26.035Z,false,,6a488fe36701dc33031e06bd,2026-07-04T04:45:23.681Z,2026-08-19T12:07:26.036Z,[],0,false,,,,,
6a4891256701dc33031e07b3,6a449eaf3e24124ff06a4a45,6a44a1d53e24124ff06a4cf5,2026-07-04,2026-07-04T00:00:00Z,6a44a98f3e24124ff06a53e4,6a44a9ef3e24124ff06a5439,2026-07-04T04:50:00Z,2026-07-04T11:13:00Z,manual,manual,383,true,20,half_day,,,System Recompute (2026-07-17 deploy fix),2026-07-17T08:20:56.267Z,false,,6a4891256701dc33031e07b3,2026-07-04T04:50:45.293Z,2026-07-17T08:20:56.268Z,[],,,,,,,
6a4891796701dc33031e08b9,6a449eaf3e24124ff06a4a45,6a44acd53e24124ff06a5763,2026-07-04,2026-07-04T00:00:00Z,6a44a98f3e24124ff06a53e4,6a44a9ef3e24124ff06a5439,2026-07-04T04:52:00Z,2026-07-04T11:11:00Z,manual,manual,379,true,22,half_day,,,System Recompute (2026-07-17 deploy fix),2026-07-17T08:20:56.300Z,false,,6a4891796701dc33031e08b9,2026-07-04T04:52:09.758Z,2026-07-17T08:20:56.300Z,[],,,,,,,
6a4b275802b71b658d6c0e36,6a449eaf3e24124ff06a4a45,6a44abdc3e24124ff06a5641,2026-07-06,2026-07-06T00:00:00Z,6a44a98f3e24124ff06a53e4,6a44a9ef3e24124ff06a5439,2026-07-06T03:56:00Z,2026-07-06T12:45:00Z,manual,manual,529,false,0,present,,,System Recompute (2026-07-17 deploy fix),2026-07-17T08:20:56.324Z,false,,6a4b275802b71b658d6c0e36,2026-07-06T03:56:08.958Z,2026-07-17T08:20:56.325Z,[],,,,,,,
6a4b294a02b71b658d6c0e94,6a449eaf3e24124ff06a4a45,6a44ab783e24124ff06a557f,2026-07-06,2026-07-06T00:00:00Z,6a44a98f3e24124ff06a53e4,6a44a9ef3e24124ff06a5439,2026-07-06T04:04:00Z,2026-07-06T12:44:00Z,manual,manual,520,false,0,present,,,System Recompute (2026-07-17 deploy fix),2026-07-17T08:20:56.348Z,false,,6a4b294a02b71b658d6c0e94,2026-07-06T04:04:26.643Z,2026-07-17T08:20:56.349Z,[],,,,,,,
6a4b323702b71b658d6c0fb9,6a449eaf3e24124ff06a4a45,6a44acd53e24124ff06a5763,2026-07-06,2026-07-06T00:00:00Z,6a44a98f3e24124ff06a53e4,6a44a9ef3e24124ff06a5439,2026-07-06T04:42:00Z,2026-07-06T12:38:00Z,manual,manual,476,true,12,half_day,,,System Recompute (2026-07-17 deploy fix),2026-07-17T08:20:56.379Z,false,,6a4b323702b71b658d6c0fb9,2026-07-06T04:42:31.968Z,2026-07-17T08:20:56.380Z,[],,,,,,,
6a4b42f602b71b658d6c1708,6a449eaf3e24124ff06a4a45,6a44a09b3e24124ff06a4bea,2026-07-06,2026-07-06T00:00:00Z,6a44a98f3e24124ff06a53e4,6a44a9ef3e24124ff06a5439,2026-07-06T05:45:00Z,2026-07-06T14:46:00Z,manual,manual,541,true,75,present,,,System Recompute (2026-07-17 deploy fix),2026-07-17T08:20:56.458Z,false,,6a4b42f602b71b658d6c1708,2026-07-06T05:53:58.036Z,2026-07-17T08:20:56.459Z,[],,,,,,,
6a4b9a0a057f067923cd6821,6a449eaf3e24124ff06a4a45,6a44a1d53e24124ff06a4cf5,2026-07-06,2026-07-06T00:00:00Z,6a44a98f3e24124ff06a53e4,6a44a9ef3e24124ff06a5439,,,manual,manual,0,false,0,absent,Marked on time manually for Day Shift.,6a449eaf3e24124ff06a4a45,Signet AI,2026-07-06T14:27:40.253Z,false,,6a4b9a0a057f067923cd6821,2026-07-06T12:05:30.708Z,2026-07-06T14:27:40.254Z,,,,,,,,
6a4c7a99d26d4a9acd087f2b,6a449eaf3e24124ff06a4a45,6a44ab783e24124ff06a557f,2026-07-07,2026-07-07T00:00:00Z,6a44a98f3e24124ff06a53e4,6a44a9ef3e24124ff06a5439,2026-07-07T04:03:00Z,2026-07-07T13:09:00Z,manual,manual,546,false,0,present,,,System Recompute (2026-07-17 deploy fix),2026-07-17T08:20:56.475Z,false,,6a4c7a99d26d4a9acd087f2b,2026-07-07T04:03:37.897Z,2026-07-17T08:20:56.476Z,[],,,,,,,
6a4c7d2bd26d4a9acd087f9e,6a449eaf3e24124ff06a4a45,6a44a1d53e24124ff06a4cf5,2026-07-07,2026-07-07T00:00:00Z,6a44a98f3e24124ff06a53e4,6a44a9ef3e24124ff06a5439,2026-07-07T04:14:00Z,2026-07-07T12:52:00Z,manual,manual,518,false,0,present,,,System Recompute (2026-07-17 deploy fix),2026-07-17T08:20:56.489Z,false,,6a4c7d2bd26d4a9acd087f9e,2026-07-07T04:14:35.950Z,2026-07-17T08:20:56.492Z,[],,,,,,,
6a4c7dced26d4a9acd088001,6a449eaf3e24124ff06a4a45,6a44abdc3e24124ff06a5641,2026-07-07,2026-07-07T00:00:00Z,6a44a98f3e24124ff06a53e4,6a44a9ef3e24124ff06a5439,2026-07-07T04:17:00Z,2026-07-07T12:41:00Z,manual,manual,504,false,0,half_day,,,System Recompute (2026-07-17 deploy fix),2026-07-17T08:20:56.519Z,false,,6a4c7dced26d4a9acd088001,2026-07-07T04:17:18.639Z,2026-07-17T08:20:56.521Z,[],,,,,,,
6a4c82f5d26d4a9acd088479,6a449eaf3e24124ff06a4a45,6a44acd53e24124ff06a5763,2026-07-07,2026-07-07T00:00:00Z,6a44a98f3e24124ff06a53e4,6a44a9ef3e24124ff06a5439,2026-07-07T04:39:00Z,2026-07-07T12:45:00Z,manual,manual,486,true,9,half_day,,,System Recompute (2026-07-17 deploy fix),2026-07-17T08:20:56.577Z,false,,6a4c82f5d26d4a9acd088479,2026-07-07T04:39:17.520Z,2026-07-17T08:20:56.578Z,[],,,,,,,
6a4c8346d26d4a9acd08850d,6a449eaf3e24124ff06a4a45,6a44a09b3e24124ff06a4bea,2026-07-07,2026-07-07T00:00:00Z,6a44a98f3e24124ff06a53e4,6a44a9ef3e24124ff06a5439,2026-07-07T04:00:00Z,2026-07-07T12:30:00Z,manual,manual,510,false,0,present,Marked on time manually for Day Shift.,6a449eaf3e24124ff06a4a45,Signet AI,2026-08-19T12:05:24.438Z,false,,6a4c8346d26d4a9acd08850d,2026-07-07T04:40:38.420Z,2026-08-19T12:05:24.439Z,[],0,false,,,,,
6a4dca00a7b7cb8f83a9beaa,6a449eaf3e24124ff06a4a45,6a44abdc3e24124ff06a5641,2026-07-08,2026-07-08T00:00:00Z,6a44a98f3e24124ff06a53e4,6a44a9ef3e24124ff06a5439,2026-07-08T03:54:00Z,2026-07-08T12:38:00Z,manual,manual,524,false,0,present,,,System Recompute (2026-07-17 deploy fix),2026-07-17T08:20:56.700Z,false,,6a4dca00a7b7cb8f83a9beaa,2026-07-08T03:54:40.423Z,2026-07-17T08:20:56.700Z,[],,,,,,,
6a4dcb65a7b7cb8f83a9bf11,6a449eaf3e24124ff06a4a45,6a44ab783e24124ff06a557f,2026-07-08,2026-07-08T00:00:00Z,6a44a98f3e24124ff06a53e4,6a44a9ef3e24124ff06a5439,2026-07-08T04:00:00Z,2026-07-08T12:39:00Z,manual,manual,519,false,0,present,,,System Recompute (2026-07-17 deploy fix),2026-07-17T08:20:56.710Z,false,,6a4dcb65a7b7cb8f83a9bf11,2026-07-08T04:00:37.180Z,2026-07-17T08:20:56.711Z,[],,,,,,,
6a4dcefca7b7cb8f83a9bf97,6a449eaf3e24124ff06a4a45,6a44a1d53e24124ff06a4cf5,2026-07-08,2026-07-08T00:00:00Z,6a44a98f3e24124ff06a53e4,6a44a9ef3e24124ff06a5439,2026-07-08T04:15:00Z,2026-07-08T12:50:00Z,manual,manual,515,false,0,present,,,System Recompute (2026-07-17 deploy fix),2026-07-17T08:20:56.722Z,false,,6a4dcefca7b7cb8f83a9bf97,2026-07-08T04:15:56.456Z,2026-07-17T08:20:56.723Z,[],,,,,,,
6a4dd5c8a7b7cb8f83a9c233,6a449eaf3e24124ff06a4a45,6a44acd53e24124ff06a5763,2026-07-08,2026-07-08T00:00:00Z,6a44a98f3e24124ff06a53e4,6a44a9ef3e24124ff06a5439,2026-07-08T04:44:00Z,2026-07-08T12:46:00Z,manual,manual,482,true,14,half_day,,,System Recompute (2026-07-17 deploy fix),2026-07-17T08:20:56.796Z,false,,6a4dd5c8a7b7cb8f83a9c233,2026-07-08T04:44:56.955Z,2026-07-17T08:20:56.796Z,[],,,,,,,
6a4dd7f0a7b7cb8f83a9c33b,6a449eaf3e24124ff06a4a45,6a44a09b3e24124ff06a4bea,2026-07-08,2026-07-08T00:00:00Z,6a44a98f3e24124ff06a53e4,6a44a9ef3e24124ff06a5439,2026-07-08T04:00:00Z,2026-07-08T12:30:00Z,manual,manual,510,false,0,present,Marked on time manually for Day Shift.,6a449eaf3e24124ff06a4a45,Signet AI,2026-08-19T12:05:32.889Z,false,,6a4dd7f0a7b7cb8f83a9c33b,2026-07-08T04:54:08.310Z,2026-08-19T12:05:32.890Z,[],0,false,,,,,
6a4f1d75aced9edc5e294927,6a449eaf3e24124ff06a4a45,6a44abdc3e24124ff06a5641,2026-07-09,2026-07-09T00:00:00Z,6a44a98f3e24124ff06a53e4,6a44a9ef3e24124ff06a5439,2026-07-09T04:03:00Z,2026-07-09T12:39:00Z,manual,manual,516,false,0,present,,,System Recompute (2026-07-17 deploy fix),2026-07-17T08:20:56.938Z,false,,6a4f1d75aced9edc5e294927,2026-07-09T04:03:01.721Z,2026-07-17T08:20:56.939Z,[],,,,,,,
6a4f1dd8aced9edc5e29498f,6a449eaf3e24124ff06a4a45,6a44ab783e24124ff06a557f,2026-07-09,2026-07-09T00:00:00Z,6a44a98f3e24124ff06a53e4,6a44a9ef3e24124ff06a5439,2026-07-09T04:04:00Z,2026-07-09T12:42:00Z,manual,manual,518,false,0,present,,,System Recompute (2026-07-17 deploy fix),2026-07-17T08:20:56.984Z,false,,6a4f1dd8aced9edc5e29498f,2026-07-09T04:04:40.952Z,2026-07-17T08:20:56.985Z,[],,,,,,,
6a4f1f84aced9edc5e294a0c,6a449eaf3e24124ff06a4a45,6a44a1d53e24124ff06a4cf5,2026-07-09,2026-07-09T00:00:00Z,6a44a98f3e24124ff06a53e4,6a44a9ef3e24124ff06a5439,2026-07-09T04:11:00Z,2026-07-09T13:11:00Z,manual,manual,540,false,0,present,,,System Recompute (2026-07-17 deploy fix),2026-07-17T08:20:57.013Z,false,,6a4f1f84aced9edc5e294a0c,2026-07-09T04:11:48.580Z,2026-07-17T08:20:57.014Z,[],,,,,,,
6a4f26a9aced9edc5e294d54,6a449eaf3e24124ff06a4a45,6a44acd53e24124ff06a5763,2026-07-09,2026-07-09T00:00:00Z,6a44a98f3e24124ff06a53e4,6a44a9ef3e24124ff06a5439,2026-07-09T04:42:00Z,2026-07-09T12:44:00Z,manual,manual,482,true,12,half_day,,,System Recompute (2026-07-17 deploy fix),2026-07-17T08:20:57.040Z,false,,6a4f26a9aced9edc5e294d54,2026-07-09T04:42:17.193Z,2026-07-17T08:20:57.041Z,[],,,,,,,
6a4f6b7baced9edc5e296171,6a449eaf3e24124ff06a4a45,6a44a09b3e24124ff06a4bea,2026-07-09,2026-07-09T00:00:00Z,6a44a98f3e24124ff06a53e4,6a44a9ef3e24124ff06a5439,,,manual,manual,0,false,0,absent,,6a449eaf3e24124ff06a4a45,Signet AI,2026-08-19T12:07:05.805Z,false,,6a4f6b7baced9edc5e296171,2026-07-09T09:35:55.060Z,2026-08-19T12:07:05.806Z,[],0,false,,,,,
6a506ed641a999f8777cbc83,6a449eaf3e24124ff06a4a45,6a44ab783e24124ff06a557f,2026-07-10,2026-07-10T00:00:00Z,6a44a98f3e24124ff06a53e4,6a44a9ef3e24124ff06a5439,2026-07-10T04:02:00Z,2026-07-10T12:54:00Z,manual,manual,532,false,0,present,,,System Recompute (2026-07-17 deploy fix),2026-07-17T08:20:57.130Z,false,,6a506ed641a999f8777cbc83,2026-07-10T04:02:30.936Z,2026-07-17T08:20:57.133Z,[],,,,,,,
6a506ef441a999f8777cbceb,6a449eaf3e24124ff06a4a45,6a44abdc3e24124ff06a5641,2026-07-10,2026-07-10T00:00:00Z,6a44a98f3e24124ff06a53e4,6a44a9ef3e24124ff06a5439,2026-07-10T04:03:00Z,2026-07-10T13:06:00Z,manual,manual,543,false,0,present,,,System Recompute (2026-07-17 deploy fix),2026-07-17T08:20:57.174Z,false,,6a506ef441a999f8777cbceb,2026-07-10T04:03:00.527Z,2026-07-17T08:20:57.176Z,[],,,,,,,
6a50739941a999f8777cbe2c,6a449eaf3e24124ff06a4a45,6a44a1d53e24124ff06a4cf5,2026-07-10,2026-07-10T00:00:00Z,6a44a98f3e24124ff06a53e4,6a44a9ef3e24124ff06a5439,2026-07-10T04:22:00Z,2026-07-10T12:42:00Z,manual,manual,500,false,0,half_day,,,System Recompute (2026-07-17 deploy fix),2026-07-17T08:20:57.233Z,false,,6a50739941a999f8777cbe2c,2026-07-10T04:22:49.807Z,2026-07-17T08:20:57.234Z,[],,,,,,,
6a50785a41a999f8777cc1fb,6a449eaf3e24124ff06a4a45,6a44acd53e24124ff06a5763,2026-07-10,2026-07-10T00:00:00Z,6a44a98f3e24124ff06a53e4,6a44a9ef3e24124ff06a5439,2026-07-10T04:43:00Z,2026-07-10T12:42:00Z,manual,manual,479,true,13,half_day,,,System Recompute (2026-07-17 deploy fix),2026-07-17T08:20:57.319Z,false,,6a50785a41a999f8777cc1fb,2026-07-10T04:43:06.582Z,2026-07-17T08:20:57.323Z,[],,,,,,,
6a5079d641a999f8777cc3b3,6a449eaf3e24124ff06a4a45,6a44a09b3e24124ff06a4bea,2026-07-10,2026-07-10T00:00:00Z,6a44a98f3e24124ff06a53e4,6a44a9ef3e24124ff06a5439,2026-07-10T04:00:00Z,2026-07-10T12:30:00Z,manual,manual,510,false,0,present,Marked on time manually for Day Shift.,6a449eaf3e24124ff06a4a45,Signet AI,2026-08-19T12:07:46.124Z,false,,6a5079d641a999f8777cc3b3,2026-07-10T04:49:26.198Z,2026-08-19T12:07:46.125Z,[],0,false,,,,,
6a51c1db41a999f8777cf08d,6a449eaf3e24124ff06a4a45,6a44ab783e24124ff06a557f,2026-07-11,2026-07-11T00:00:00Z,6a44a98f3e24124ff06a53e4,6a44a9ef3e24124ff06a5439,2026-07-11T04:08:00Z,2026-07-11T10:06:00Z,manual,manual,358,false,0,half_day,,,System Recompute (2026-07-17 deploy fix),2026-07-17T08:20:57.390Z,false,,6a51c1db41a999f8777cf08d,2026-07-11T04:09:00.001Z,2026-07-17T08:20:57.391Z,[],,,,,,,
6a51c21741a999f8777cf0f5,6a449eaf3e24124ff06a4a45,6a44abdc3e24124ff06a5641,2026-07-11,2026-07-11T00:00:00Z,6a44a98f3e24124ff06a53e4,6a44a9ef3e24124ff06a5439,2026-07-11T04:09:00Z,2026-07-11T12:19:00Z,manual,manual,490,false,0,half_day,,,System Recompute (2026-07-17 deploy fix),2026-07-17T08:20:57.451Z,false,,6a51c21741a999f8777cf0f5,2026-07-11T04:09:59.142Z,2026-07-17T08:20:57.451Z,[],,,,,,,
6a51c59841a999f8777cf1a2,6a449eaf3e24124ff06a4a45,6a44a1d53e24124ff06a4cf5,2026-07-11,2026-07-11T00:00:00Z,6a44a98f3e24124ff06a53e4,6a44a9ef3e24124ff06a5439,2026-07-11T04:24:00Z,2026-07-11T12:41:00Z,manual,manual,497,false,0,half_day,,,System Recompute (2026-07-17 deploy fix),2026-07-17T08:20:57.497Z,false,,6a51c59841a999f8777cf1a2,2026-07-11T04:24:56.078Z,2026-07-17T08:20:57.501Z,[],,,,,,,
6a51c79741a999f8777cf243,6a449eaf3e24124ff06a4a45,6a44acd53e24124ff06a5763,2026-07-11,2026-07-11T00:00:00Z,6a44a98f3e24124ff06a53e4,6a44a9ef3e24124ff06a5439,2026-07-11T04:33:00Z,2026-07-11T12:35:00Z,manual,manual,482,true,3,half_day,,,System Recompute (2026-07-17 deploy fix),2026-07-17T08:20:57.563Z,false,,6a51c79741a999f8777cf243,2026-07-11T04:33:27.337Z,2026-07-17T08:20:57.564Z,[],,,,,,,
6a51d51641a999f8777cf757,6a449eaf3e24124ff06a4a45,6a44a09b3e24124ff06a4bea,2026-07-11,2026-07-11T00:00:00Z,6a44a98f3e24124ff06a53e4,6a44a9ef3e24124ff06a5439,2026-07-11T05:31:00Z,2026-07-11T12:41:00Z,manual,manual,430,true,61,half_day,,,System Recompute (2026-07-17 deploy fix),2026-07-17T08:20:57.626Z,false,,6a51d51641a999f8777cf757,2026-07-11T05:31:02.866Z,2026-07-17T08:20:57.627Z,[],,,,,,,
6a5469105c44c757e328405c,6a449eaf3e24124ff06a4a45,6a44a1d53e24124ff06a4cf5,2026-07-13,2026-07-13T00:00:00Z,6a44a98f3e24124ff06a53e4,6a44a9ef3e24124ff06a5439,2026-07-13T04:26:00Z,2026-07-13T12:58:00Z,manual,manual,512,false,0,present,,,System Recompute (2026-07-17 deploy fix),2026-07-17T08:20:57.697Z,false,,6a5469105c44c757e328405c,2026-07-13T04:26:56.425Z,2026-07-17T08:20:57.698Z,[],,,,,,,
6a546d535c44c757e3284138,6a449eaf3e24124ff06a4a45,6a44acd53e24124ff06a5763,2026-07-13,2026-07-13T00:00:00Z,6a44a98f3e24124ff06a53e4,6a44a9ef3e24124ff06a5439,2026-07-13T04:45:00Z,2026-07-13T12:57:00Z,manual,manual,492,true,15,half_day,,,System Recompute (2026-07-17 deploy fix),2026-07-17T08:20:57.711Z,false,,6a546d535c44c757e3284138,2026-07-13T04:45:07.257Z,2026-07-17T08:20:57.715Z,[],,,,,,,
6a546dff5c44c757e32841e2,6a449eaf3e24124ff06a4a45,6a44a09b3e24124ff06a4bea,2026-07-13,2026-07-13T00:00:00Z,6a44a98f3e24124ff06a53e4,6a44a9ef3e24124ff06a5439,2026-07-13T04:00:00Z,2026-07-13T12:30:00Z,manual,manual,510,false,0,present,Marked on time manually for Day Shift.,6a449eaf3e24124ff06a4a45,Signet AI,2026-08-19T12:08:04.139Z,false,,6a546dff5c44c757e32841e2,2026-07-13T04:47:59.673Z,2026-08-19T12:08:04.142Z,[],0,false,,,,,
6a54afae4abea2bb5a83af6d,6a449eaf3e24124ff06a4a45,6a44ab783e24124ff06a557f,2026-07-13,2026-07-13T00:00:00Z,6a44a98f3e24124ff06a53e4,6a44a9ef3e24124ff06a5439,2026-07-13T09:28:00Z,2026-07-13T12:58:00Z,manual,manual,210,false,0,absent,,,System Recompute (2026-07-17 deploy fix),2026-07-17T08:20:57.795Z,false,,6a54afae4abea2bb5a83af6d,2026-07-13T09:28:14.697Z,2026-07-17T08:20:57.796Z,[],,,,,2026-07-13T13:43:00Z,,
6a55b1964abea2bb5a83bbad,6a449eaf3e24124ff06a4a45,6a44abdc3e24124ff06a5641,2026-07-14,2026-07-14T00:00:00Z,6a44a98f3e24124ff06a53e4,6a44a9ef3e24124ff06a5439,2026-07-14T03:48:00Z,2026-07-14T12:47:00Z,manual,manual,539,false,0,present,,,System Recompute (2026-07-17 deploy fix),2026-07-17T08:20:57.810Z,false,,6a55b1964abea2bb5a83bbad,2026-07-14T03:48:38.201Z,2026-07-17T08:20:57.811Z,[],,,,,,,
6a55b4e44abea2bb5a83bcd6,6a449eaf3e24124ff06a4a45,6a44ab783e24124ff06a557f,2026-07-14,2026-07-14T00:00:00Z,6a44a98f3e24124ff06a53e4,6a44a9ef3e24124ff06a5439,2026-07-14T04:02:00Z,2026-07-14T12:38:00Z,manual,manual,516,false,0,present,,,System Recompute (2026-07-17 deploy fix),2026-07-17T08:20:57.827Z,false,,6a55b4e44abea2bb5a83bcd6,2026-07-14T04:02:44.316Z,2026-07-17T08:20:57.829Z,[],,,,,,,
6a55ba274abea2bb5a83bd60,6a449eaf3e24124ff06a4a45,6a44a1d53e24124ff06a4cf5,2026-07-14,2026-07-14T00:00:00Z,6a44a98f3e24124ff06a53e4,6a44a9ef3e24124ff06a5439,2026-07-14T04:25:00Z,2026-07-14T12:46:00Z,manual,manual,501,false,0,half_day,,,System Recompute (2026-07-17 deploy fix),2026-07-17T08:20:57.855Z,false,,6a55ba274abea2bb5a83bd60,2026-07-14T04:25:11.017Z,2026-07-17T08:20:57.856Z,[],,,,,,,
6a55bc284abea2bb5a83bf80,6a449eaf3e24124ff06a4a45,6a44acd53e24124ff06a5763,2026-07-14,2026-07-14T00:00:00Z,6a44a98f3e24124ff06a53e4,6a44a9ef3e24124ff06a5439,2026-07-14T04:34:00Z,2026-07-14T12:36:00Z,manual,manual,482,true,4,half_day,,,System Recompute (2026-07-17 deploy fix),2026-07-17T08:20:57.895Z,false,,6a55bc284abea2bb5a83bf80,2026-07-14T04:33:44.945Z,2026-07-17T08:20:57.896Z,[],,,,,,,
6a55dceb4abea2bb5a83c97f,6a449eaf3e24124ff06a4a45,6a44a09b3e24124ff06a4bea,2026-07-14,2026-07-14T00:00:00Z,6a44a98f3e24124ff06a53e4,6a44a9ef3e24124ff06a5439,2026-07-14T04:00:00Z,2026-07-14T12:30:00Z,manual,manual,510,false,0,present,Marked on time manually for Day Shift.,6a449eaf3e24124ff06a4a45,Signet AI,2026-08-19T12:08:50.169Z,false,,6a55dceb4abea2bb5a83c97f,2026-07-14T06:53:31.581Z,2026-08-19T12:08:50.170Z,[],0,false,,,,,
6a57056460a7919a1752d008,6a449eaf3e24124ff06a4a45,6a44abdc3e24124ff06a5641,2026-07-15,2026-07-15T00:00:00Z,6a44a98f3e24124ff06a53e4,6a44a9ef3e24124ff06a5439,2026-07-15T03:58:00Z,2026-07-15T12:46:00Z,manual,manual,528,false,0,present,,,System Recompute (2026-07-17 deploy fix),2026-07-17T08:20:57.988Z,false,,6a57056460a7919a1752d008,2026-07-15T03:58:28.916Z,2026-07-17T08:20:57.989Z,[],,,,,,,
6a570ccd60a7919a1752d090,6a449eaf3e24124ff06a4a45,6a44a1d53e24124ff06a4cf5,2026-07-15,2026-07-15T00:00:00Z,6a44a98f3e24124ff06a53e4,6a44a9ef3e24124ff06a5439,2026-07-15T04:30:00Z,2026-07-15T13:01:00Z,manual,manual,511,false,0,present,,,System Recompute (2026-07-17 deploy fix),2026-07-17T08:20:58.008Z,false,,6a570ccd60a7919a1752d090,2026-07-15T04:30:05.106Z,2026-07-17T08:20:58.009Z,[],,,,,,,
6a570d6760a7919a1752d133,6a449eaf3e24124ff06a4a45,6a44acd53e24124ff06a5763,2026-07-15,2026-07-15T00:00:00Z,6a44a98f3e24124ff06a53e4,6a44a9ef3e24124ff06a5439,2026-07-15T04:32:00Z,2026-07-15T12:55:00Z,manual,manual,503,false,2,present,,,System Recompute (2026-07-17 deploy fix),2026-07-17T08:20:58.043Z,false,,6a570d6760a7919a1752d133,2026-07-15T04:32:39.323Z,2026-07-17T08:20:58.044Z,[],,,,,,,
6a570e3a60a7919a1752d385,6a449eaf3e24124ff06a4a45,6a44a09b3e24124ff06a4bea,2026-07-15,2026-07-15T00:00:00Z,6a44a98f3e24124ff06a53e4,6a44a9ef3e24124ff06a5439,,,manual,manual,0,false,0,absent,,6a449eaf3e24124ff06a4a45,Signet AI,2026-08-19T12:08:55.842Z,false,,6a570e3a60a7919a1752d385,2026-07-15T04:36:10.867Z,2026-08-19T12:08:55.843Z,[],0,false,,,,,
6a57127c60a7919a1752d8e0,6a449eaf3e24124ff06a4a45,6a44ab783e24124ff06a557f,2026-07-15,2026-07-15T00:00:00Z,6a44a98f3e24124ff06a53e4,6a44a9ef3e24124ff06a5439,2026-07-15T04:54:00Z,2026-07-15T13:01:00Z,manual,manual,487,false,24,present,,,System Recompute (2026-07-17 deploy fix),2026-07-17T08:20:58.170Z,false,,6a57127c60a7919a1752d8e0,2026-07-15T04:54:20.182Z,2026-07-17T08:20:58.174Z,[],,,,,,,
6a5856ee5705dcd61e179660,6a449eaf3e24124ff06a4a45,6a44ab783e24124ff06a557f,2026-07-16,2026-07-16T00:00:00Z,6a44a98f3e24124ff06a53e4,6a44a9ef3e24124ff06a5439,2026-07-16T03:58:38.244Z,2026-07-16T12:44:45.060Z,mobile,mobile,526,false,0,present,,,System Recompute (2026-07-17 deploy fix),2026-07-17T08:20:58.232Z,false,,6a5856ee5705dcd61e179660,2026-07-16T03:58:38.260Z,2026-07-17T08:20:58.234Z,[],,,,,,,
6a5857355705dcd61e1796c9,6a449eaf3e24124ff06a4a45,6a44abdc3e24124ff06a5641,2026-07-16,2026-07-16T00:00:00Z,6a44a98f3e24124ff06a53e4,6a44a9ef3e24124ff06a5439,2026-07-16T03:59:49.804Z,2026-07-16T12:34:21.260Z,mobile,mobile,515,false,0,present,,,System Recompute (2026-07-17 deploy fix),2026-07-17T08:20:58.262Z,false,,6a5857355705dcd61e1796c9,2026-07-16T03:59:49.812Z,2026-07-17T08:20:58.263Z,[],,,,,,,
6a585b2f5705dcd61e179767,6a449eaf3e24124ff06a4a45,6a44a1d53e24124ff06a4cf5,2026-07-16,2026-07-16T00:00:00Z,6a44a98f3e24124ff06a53e4,6a44a9ef3e24124ff06a5439,2026-07-16T04:16:47.172Z,2026-07-16T12:54:46.287Z,mobile,mobile,518,false,0,present,,,System Recompute (2026-07-17 deploy fix),2026-07-17T08:20:58.283Z,false,,6a585b2f5705dcd61e179767,2026-07-16T04:16:47.179Z,2026-07-17T08:20:58.284Z,[],,,,,,,
6a585eaf5705dcd61e17995c,6a449eaf3e24124ff06a4a45,6a44acd53e24124ff06a5763,2026-07-16,2026-07-16T00:00:00Z,6a44a98f3e24124ff06a53e4,6a44a9ef3e24124ff06a5439,2026-07-16T04:31:43.921Z,2026-07-16T12:43:31.188Z,mobile,mobile,492,false,1,present,,,System Recompute (2026-07-17 deploy fix),2026-07-17T08:20:58.339Z,false,,6a585eaf5705dcd61e17995c,2026-07-16T04:31:43.932Z,2026-07-17T08:20:58.340Z,[],,,,,,,
6a5881525705dcd61e179d79,6a449eaf3e24124ff06a4a45,6a44a09b3e24124ff06a4bea,2026-07-16,2026-07-16T00:00:00Z,6a44a98f3e24124ff06a53e4,6a44a9ef3e24124ff06a5439,2026-07-16T06:59:30.157Z,2026-07-16T13:03:44.333Z,mobile,mobile,364,false,0,half_day,,,System Recompute (2026-07-17 deploy fix),2026-07-17T08:20:58.398Z,false,,6a5881525705dcd61e179d79,2026-07-16T06:59:30.166Z,2026-07-17T08:20:58.399Z,[],,,,,2026-07-16T11:14:30.157Z,,
6a59a7f011e9f32f7179ca37,6a449eaf3e24124ff06a4a45,6a44abdc3e24124ff06a5641,2026-07-17,2026-07-17T00:00:00Z,6a44a98f3e24124ff06a53e4,6a44a9ef3e24124ff06a5439,2026-07-17T03:56:32.708Z,2026-07-17T12:39:47.357Z,mobile,mobile,523,false,0,present,,,System Recompute (2026-07-17 deploy fix),2026-07-17T08:20:58.422Z,false,,6a59a7f011e9f32f7179ca37,2026-07-17T03:56:32.722Z,2026-07-17T12:39:47.362Z,[],,,,,,,
6a59a97811e9f32f7179ca95,6a449eaf3e24124ff06a4a45,6a44ab783e24124ff06a557f,2026-07-17,2026-07-17T00:00:00Z,6a44a98f3e24124ff06a53e4,6a44a9ef3e24124ff06a5439,2026-07-17T04:03:04.468Z,2026-07-17T12:36:20.417Z,mobile,mobile,513,false,0,present,,,System Recompute (2026-07-17 deploy fix),2026-07-17T08:20:58.439Z,false,,6a59a97811e9f32f7179ca95,2026-07-17T04:03:04.474Z,2026-07-17T12:36:20.433Z,[],,,,,,,
6a59aea211e9f32f7179cb3c,6a449eaf3e24124ff06a4a45,6a44a1d53e24124ff06a4cf5,2026-07-17,2026-07-17T00:00:00Z,6a44a98f3e24124ff06a53e4,6a44a9ef3e24124ff06a5439,2026-07-17T04:25:06.071Z,2026-07-17T12:51:16.622Z,mobile,mobile,506,false,0,present,,,System Recompute (2026-07-17 deploy fix),2026-07-17T08:20:58.452Z,false,,6a59aea211e9f32f7179cb3c,2026-07-17T04:25:06.088Z,2026-07-17T12:51:16.638Z,[],,,,,,,
6a59afb711e9f32f7179cc4a,6a449eaf3e24124ff06a4a45,6a44acd53e24124ff06a5763,2026-07-17,2026-07-17T00:00:00Z,6a44a98f3e24124ff06a53e4,6a44a9ef3e24124ff06a5439,2026-07-17T04:29:43.146Z,2026-07-17T12:58:27.511Z,mobile,mobile,509,false,0,present,,,System Recompute (2026-07-17 deploy fix),2026-07-17T08:20:58.465Z,false,,6a59afb711e9f32f7179cc4a,2026-07-17T04:29:43.157Z,2026-07-17T12:58:27.534Z,[],,,,,,,
6a59b08411e9f32f7179cce5,6a449eaf3e24124ff06a4a45,6a44a09b3e24124ff06a4bea,2026-07-17,2026-07-17T00:00:00Z,6a44a98f3e24124ff06a53e4,6a44a9ef3e24124ff06a5439,2026-07-17T04:33:08.587Z,2026-07-17T12:52:56.902Z,mobile,mobile,500,false,3,present,,,System Recompute (2026-07-17 deploy fix),2026-07-17T08:20:58.480Z,false,,6a59b08411e9f32f7179cce5,2026-07-17T04:33:08.596Z,2026-07-17T12:52:56.924Z,[],,,,,,,
6a5b0123613bdc0bd5733ab6,6a449eaf3e24124ff06a4a45,6a44acd53e24124ff06a5763,2026-07-18,2026-07-18T00:00:00Z,6a44a98f3e24124ff06a53e4,6a44a9ef3e24124ff06a5439,2026-07-18T04:29:23.741Z,2026-07-18T06:07:22.191Z,mobile,mobile,98,false,0,absent,,,,,false,,6a5b0123613bdc0bd5733ab6,2026-07-18T04:29:23.751Z,2026-07-18T06:07:22.203Z,[],,,,,,,
6a5b0438613bdc0bd5733b32,6a449eaf3e24124ff06a4a45,6a44ab783e24124ff06a557f,2026-07-18,2026-07-18T00:00:00Z,6a44a98f3e24124ff06a53e4,6a44a9ef3e24124ff06a5439,2026-07-18T04:42:00Z,2026-07-18T05:54:00Z,manual,manual,72,false,0,absent,,6a449eaf3e24124ff06a4a45,Signet AI,2026-07-27T05:29:45.078Z,false,,6a5b0438613bdc0bd5733b32,2026-07-18T04:42:32.209Z,2026-07-27T05:29:45.080Z,[],,,,,,,
6a5d9d6a613bdc0bd57340c5,6a449eaf3e24124ff06a4a45,6a44abdc3e24124ff06a5641,2026-07-20,2026-07-20T00:00:00Z,6a44a98f3e24124ff06a53e4,6a44a9ef3e24124ff06a5439,2026-07-20T04:00:42.388Z,2026-07-20T14:28:38.893Z,mobile,mobile,628,false,0,present,,,,,false,,6a5d9d6a613bdc0bd57340c5,2026-07-20T04:00:42.410Z,2026-07-20T14:28:38.910Z,[],,,,,,,
6a5d9d90613bdc0bd573412e,6a449eaf3e24124ff06a4a45,6a44ab783e24124ff06a557f,2026-07-20,2026-07-20T00:00:00Z,6a44a98f3e24124ff06a53e4,6a44a9ef3e24124ff06a5439,2026-07-20T04:01:20.181Z,2026-07-20T12:46:06.241Z,mobile,mobile,525,false,0,present,,,,,false,,6a5d9d90613bdc0bd573412e,2026-07-20T04:01:20.202Z,2026-07-20T12:46:06.253Z,[],,,,,,,
6a5d9f21613bdc0bd57341d9,6a449eaf3e24124ff06a4a45,6a44a1d53e24124ff06a4cf5,2026-07-20,2026-07-20T00:00:00Z,6a44a98f3e24124ff06a53e4,6a44a9ef3e24124ff06a5439,2026-07-20T04:08:01.269Z,2026-07-20T12:46:23.815Z,mobile,mobile,518,false,0,present,,,,,false,,6a5d9f21613bdc0bd57341d9,2026-07-20T04:08:01.294Z,2026-07-20T12:46:23.826Z,[],,,,,,,
6a5da263613bdc0bd573451e,6a449eaf3e24124ff06a4a45,6a44acd53e24124ff06a5763,2026-07-20,2026-07-20T00:00:00Z,6a44a98f3e24124ff06a53e4,6a44a9ef3e24124ff06a5439,2026-07-20T04:21:55.989Z,2026-07-20T12:04:28.811Z,mobile,mobile,463,false,0,half_day,,,,,false,,6a5da263613bdc0bd573451e,2026-07-20T04:21:55.997Z,2026-07-20T12:04:28.820Z,[],,,,,,,
6a5eee6f613bdc0bd573689f,6a449eaf3e24124ff06a4a45,6a44abdc3e24124ff06a5641,2026-07-21,2026-07-21T00:00:00Z,6a44a98f3e24124ff06a53e4,6a44a9ef3e24124ff06a5439,2026-07-21T03:58:39.963Z,2026-07-21T12:52:16.176Z,mobile,mobile,534,false,0,present,,,,,false,,6a5eee6f613bdc0bd573689f,2026-07-21T03:58:39.989Z,2026-07-21T12:52:16.186Z,[],,,,,,,
6a5eef26613bdc0bd5736908,6a449eaf3e24124ff06a4a45,6a44ab783e24124ff06a557f,2026-07-21,2026-07-21T00:00:00Z,6a44a98f3e24124ff06a53e4,6a44a9ef3e24124ff06a5439,2026-07-21T04:01:42.002Z,2026-07-21T14:16:02.780Z,mobile,mobile,614,false,0,present,,,,,false,,6a5eef26613bdc0bd5736908,2026-07-21T04:01:42.014Z,2026-07-21T14:16:02.792Z,[],,,,,,,
6a5ef462613bdc0bd57369e8,6a449eaf3e24124ff06a4a45,6a44a1d53e24124ff06a4cf5,2026-07-21,2026-07-21T00:00:00Z,6a44a98f3e24124ff06a53e4,6a44a9ef3e24124ff06a5439,2026-07-21T04:24:02.705Z,2026-07-21T12:59:48.097Z,mobile,mobile,516,false,0,present,,,,,false,,6a5ef462613bdc0bd57369e8,2026-07-21T04:24:02.721Z,2026-07-21T12:59:48.103Z,[],,,,,,,
6a5ef4fa613bdc0bd5736b12,6a449eaf3e24124ff06a4a45,6a44acd53e24124ff06a5763,2026-07-21,2026-07-21T00:00:00Z,6a44a98f3e24124ff06a53e4,6a44a9ef3e24124ff06a5439,2026-07-21T04:26:34.009Z,2026-07-21T12:57:36.231Z,mobile,mobile,511,false,0,present,,,,,false,,6a5ef4fa613bdc0bd5736b12,2026-07-21T04:26:34.034Z,2026-07-21T12:57:36.242Z,[],,,,,,,
6a604047613bdc0bd5737bd3,6a449eaf3e24124ff06a4a45,6a44abdc3e24124ff06a5641,2026-07-22,2026-07-22T00:00:00Z,6a44a98f3e24124ff06a53e4,6a44a9ef3e24124ff06a5439,2026-07-22T04:00:07.417Z,2026-07-22T12:37:02.248Z,mobile,mobile,517,false,0,present,,,,,false,,6a604047613bdc0bd5737bd3,2026-07-22T04:00:07.455Z,2026-07-22T12:37:02.259Z,[],,,,,,,
6a60408e613bdc0bd5737c54,6a449eaf3e24124ff06a4a45,6a44ab783e24124ff06a557f,2026-07-22,2026-07-22T00:00:00Z,6a44a98f3e24124ff06a53e4,6a44a9ef3e24124ff06a5439,2026-07-22T04:01:17.993Z,2026-07-22T12:43:01.354Z,mobile,mobile,522,false,0,present,,,,,false,,6a60408e613bdc0bd5737c54,2026-07-22T04:01:18.007Z,2026-07-22T12:43:01.363Z,[],,,,,,,
6a60473e613bdc0bd5737e04,6a449eaf3e24124ff06a4a45,6a44a1d53e24124ff06a4cf5,2026-07-22,2026-07-22T00:00:00Z,6a44a98f3e24124ff06a53e4,6a44a9ef3e24124ff06a5439,2026-07-22T04:29:50.189Z,2026-07-22T12:49:59.240Z,mobile,mobile,500,false,0,present,,,,,false,,6a60473e613bdc0bd5737e04,2026-07-22T04:29:50.208Z,2026-07-22T12:49:59.248Z,[],,,,,,,
6a604c5d613bdc0bd57380ce,6a449eaf3e24124ff06a4a45,6a44acd53e24124ff06a5763,2026-07-22,2026-07-22T00:00:00Z,6a44a98f3e24124ff06a53e4,6a44a9ef3e24124ff06a5439,2026-07-22T04:51:41.812Z,2026-07-22T12:45:29.630Z,mobile,mobile,474,true,21,half_day,,,,,false,,6a604c5d613bdc0bd57380ce,2026-07-22T04:51:41.827Z,2026-07-22T12:45:29.637Z,[],,,,,2026-07-22T09:06:41.812Z,,
6a6193eb613bdc0bd57394ce,6a449eaf3e24124ff06a4a45,6a44acd53e24124ff06a5763,2026-07-23,2026-07-23T00:00:00Z,6a44a98f3e24124ff06a53e4,6a44a9ef3e24124ff06a5439,2026-07-23T04:09:15.822Z,2026-07-23T12:44:55.240Z,mobile,mobile,516,false,0,present,,,,,false,,6a6193eb613bdc0bd57394ce,2026-07-23T04:09:15.835Z,2026-07-23T12:44:55.247Z,[],,,,,,,
6a619421613bdc0bd5739549,6a449eaf3e24124ff06a4a45,6a44ab783e24124ff06a557f,2026-07-23,2026-07-23T00:00:00Z,6a44a98f3e24124ff06a53e4,6a44a9ef3e24124ff06a5439,2026-07-23T04:10:09.643Z,2026-07-23T12:59:22.911Z,mobile,mobile,529,false,0,present,,,,,false,,6a619421613bdc0bd5739549,2026-07-23T04:10:09.658Z,2026-07-23T12:59:22.921Z,[],,,,,,,
6a61a0cd613bdc0bd57395b3,6a449eaf3e24124ff06a4a45,6a44abdc3e24124ff06a5641,2026-07-23,2026-07-23T00:00:00Z,6a44a98f3e24124ff06a53e4,6a44a9ef3e24124ff06a5439,2026-07-23T05:04:13.536Z,2026-07-23T12:40:24.896Z,mobile,mobile,456,false,34,present,,,,,false,,6a61a0cd613bdc0bd57395b3,2026-07-23T05:04:13.546Z,2026-07-23T12:40:24.931Z,[],,,,,,,
6a62e3ad613bdc0bd5739aa6,6a449eaf3e24124ff06a4a45,6a44ab783e24124ff06a557f,2026-07-24,2026-07-24T00:00:00Z,6a44a98f3e24124ff06a53e4,6a44a9ef3e24124ff06a5439,2026-07-24T04:01:49.815Z,2026-07-24T12:56:22.414Z,mobile,mobile,535,false,0,present,,,,,false,,6a62e3ad613bdc0bd5739aa6,2026-07-24T04:01:49.826Z,2026-07-24T12:56:22.422Z,[],,,,,,,
6a62e980613bdc0bd5739b73,6a449eaf3e24124ff06a4a45,6a44acd53e24124ff06a5763,2026-07-24,2026-07-24T00:00:00Z,6a44a98f3e24124ff06a53e4,6a44a9ef3e24124ff06a5439,2026-07-24T04:26:40.917Z,2026-07-24T13:00:52.344Z,mobile,mobile,514,false,0,present,,,,,false,,6a62e980613bdc0bd5739b73,2026-07-24T04:26:40.930Z,2026-07-24T13:00:52.352Z,[],,,,,,,
6a62ebd0613bdc0bd5739c2e,6a449eaf3e24124ff06a4a45,6a44a1d53e24124ff06a4cf5,2026-07-24,2026-07-24T00:00:00Z,6a44a98f3e24124ff06a53e4,6a44a9ef3e24124ff06a5439,2026-07-24T04:36:32.358Z,2026-07-24T13:06:51.266Z,mobile,mobile,510,false,6,present,,,,,false,,6a62ebd0613bdc0bd5739c2e,2026-07-24T04:36:32.366Z,2026-07-24T13:06:51.272Z,[],,,,,,,
6a643361613bdc0bd573c781,6a449eaf3e24124ff06a4a45,6a44abdc3e24124ff06a5641,2026-07-25,2026-07-25T00:00:00Z,6a44a98f3e24124ff06a53e4,6a44a9ef3e24124ff06a5439,2026-07-25T03:54:09.232Z,2026-07-25T12:44:53.645Z,mobile,mobile,531,false,0,present,,,,,false,,6a643361613bdc0bd573c781,2026-07-25T03:54:09.246Z,2026-07-25T12:44:53.657Z,[],,,,,,,
6a6436a0613bdc0bd573c828,6a449eaf3e24124ff06a4a45,6a44ab783e24124ff06a557f,2026-07-25,2026-07-25T00:00:00Z,6a44a98f3e24124ff06a53e4,6a44a9ef3e24124ff06a5439,2026-07-25T04:08:00.925Z,2026-07-25T12:47:38.966Z,mobile,mobile,520,false,0,present,,,,,false,,6a6436a0613bdc0bd573c828,2026-07-25T04:08:00.936Z,2026-07-25T12:47:38.974Z,[],,,,,,,
6a643916613bdc0bd573c8d0,6a449eaf3e24124ff06a4a45,6a44a1d53e24124ff06a4cf5,2026-07-25,2026-07-25T00:00:00Z,6a44a98f3e24124ff06a53e4,6a44a9ef3e24124ff06a5439,2026-07-25T04:18:30.454Z,2026-07-25T12:49:35.365Z,mobile,mobile,511,false,0,present,,,,,false,,6a643916613bdc0bd573c8d0,2026-07-25T04:18:30.462Z,2026-07-25T12:49:35.377Z,[],,,,,,,
6a6439e8613bdc0bd573c989,6a449eaf3e24124ff06a4a45,6a44acd53e24124ff06a5763,2026-07-25,2026-07-25T00:00:00Z,6a44a98f3e24124ff06a53e4,6a44a9ef3e24124ff06a5439,2026-07-25T04:22:00.871Z,2026-07-25T12:53:26.707Z,mobile,mobile,511,false,0,present,,,,,false,,6a6439e8613bdc0bd573c989,2026-07-25T04:22:00.892Z,2026-07-25T12:53:26.712Z,[],,,,,,,
6a66d346e8bee68c0d8eab5e,6a449eaf3e24124ff06a4a45,6a44a09b3e24124ff06a4bea,2026-07-27,2026-07-27T00:00:00Z,6a44a98f3e24124ff06a53e4,6a44a9ef3e24124ff06a5439,2026-07-27T03:40:00Z,2026-07-27T12:30:00Z,manual,manual,530,false,0,present,,6a449eaf3e24124ff06a4a45,Signet AI,2026-07-28T06:15:38.942Z,false,,6a66d346e8bee68c0d8eab5e,2026-07-27T03:40:54.459Z,2026-07-28T06:15:38.945Z,[],0,,,,,,
6a66d9cbe8bee68c0d8eb380,6a449eaf3e24124ff06a4a45,6a44ab783e24124ff06a557f,2026-07-27,2026-07-27T00:00:00Z,6a44a98f3e24124ff06a53e4,6a44a9ef3e24124ff06a5439,2026-07-27T04:08:43.024Z,2026-07-27T12:22:03.175Z,mobile,mobile,493,false,0,present,,,,,false,,6a66d9cbe8bee68c0d8eb380,2026-07-27T04:08:43.035Z,2026-07-27T12:22:03.201Z,[],0,,,,,,
6a66da82e8bee68c0d8eb3e9,6a449eaf3e24124ff06a4a45,6a44abdc3e24124ff06a5641,2026-07-27,2026-07-27T00:00:00Z,6a44a98f3e24124ff06a53e4,6a44a9ef3e24124ff06a5439,2026-07-27T04:11:46.919Z,2026-07-27T13:29:43.487Z,mobile,mobile,558,false,0,present,,,,,false,,6a66da82e8bee68c0d8eb3e9,2026-07-27T04:11:46.931Z,2026-07-27T13:29:43.499Z,[],0,,,,,,
6a66db0be8bee68c0d8eb491,6a449eaf3e24124ff06a4a45,6a44a1d53e24124ff06a4cf5,2026-07-27,2026-07-27T00:00:00Z,6a44a98f3e24124ff06a53e4,6a44a9ef3e24124ff06a5439,2026-07-27T04:14:03.272Z,2026-07-27T10:14:48.008Z,mobile,mobile,361,false,0,half_day,,,,,false,,6a66db0be8bee68c0d8eb491,2026-07-27T04:14:03.293Z,2026-07-27T10:14:48.021Z,[],,,,,,,
6a66ddf1e8bee68c0d8eb627,6a449eaf3e24124ff06a4a45,6a44acd53e24124ff06a5763,2026-07-27,2026-07-27T00:00:00Z,6a44a98f3e24124ff06a53e4,6a44a9ef3e24124ff06a5439,2026-07-27T04:26:25.160Z,2026-07-27T12:46:22.389Z,mobile,mobile,500,false,0,present,,,,,false,,6a66ddf1e8bee68c0d8eb627,2026-07-27T04:26:25.174Z,2026-07-27T12:46:22.400Z,[],0,,,,,,
6a68291fd1761ae95f3c83f7,6a449eaf3e24124ff06a4a45,6a44ab783e24124ff06a557f,2026-07-28,2026-07-28T00:00:00Z,6a44a98f3e24124ff06a53e4,6a44a9ef3e24124ff06a5439,2026-07-28T03:59:27.293Z,2026-07-28T12:43:20.358Z,mobile,mobile,524,false,0,present,,,,,false,,6a68291fd1761ae95f3c83f7,2026-07-28T03:59:27.310Z,2026-07-28T12:43:20.375Z,[],0,,,,,,
6a682a05d1761ae95f3c8460,6a449eaf3e24124ff06a4a45,6a44abdc3e24124ff06a5641,2026-07-28,2026-07-28T00:00:00Z,6a44a98f3e24124ff06a53e4,6a44a9ef3e24124ff06a5439,2026-07-28T04:03:17.823Z,2026-07-28T12:41:41.293Z,mobile,mobile,518,false,0,present,,,,,false,,6a682a05d1761ae95f3c8460,2026-07-28T04:03:17.833Z,2026-07-28T12:41:41.308Z,[],0,,,,,,
6a682d9fd1761ae95f3c8511,6a449eaf3e24124ff06a4a45,6a44a1d53e24124ff06a4cf5,2026-07-28,2026-07-28T00:00:00Z,6a44a98f3e24124ff06a53e4,6a44a9ef3e24124ff06a5439,2026-07-28T04:18:39.778Z,2026-07-28T12:54:06.261Z,mobile,mobile,514,false,0,present,,,,,false,,6a682d9fd1761ae95f3c8511,2026-07-28T04:18:39.790Z,2026-07-28T12:54:06.276Z,[],0,,,,,,
6a682f19d1761ae95f3c85d4,6a449eaf3e24124ff06a4a45,6a44acd53e24124ff06a5763,2026-07-28,2026-07-28T00:00:00Z,6a44a98f3e24124ff06a53e4,6a44a9ef3e24124ff06a5439,2026-07-28T04:24:57.064Z,2026-07-28T12:56:18.901Z,mobile,mobile,511,false,0,present,,,,,false,,6a682f19d1761ae95f3c85d4,2026-07-28T04:24:57.073Z,2026-07-28T12:56:18.912Z,[],0,,,,,,
6a697b98d1761ae95f3ca3cd,6a449eaf3e24124ff06a4a45,6a44ab783e24124ff06a557f,2026-07-29,2026-07-29T00:00:00Z,6a44a98f3e24124ff06a53e4,6a44a9ef3e24124ff06a5439,2026-07-29T04:03:36.217Z,2026-07-29T12:52:01.793Z,mobile,mobile,528,false,0,present,,,,,false,,6a697b98d1761ae95f3ca3cd,2026-07-29T04:03:36.245Z,2026-07-29T12:52:01.815Z,[],0,,,,,,
6a697be5d1761ae95f3ca448,6a449eaf3e24124ff06a4a45,6a44abdc3e24124ff06a5641,2026-07-29,2026-07-29T00:00:00Z,6a44a98f3e24124ff06a53e4,6a44a9ef3e24124ff06a5439,2026-07-29T04:04:53.927Z,2026-07-29T12:41:27.554Z,mobile,mobile,517,false,0,present,,,,,false,,6a697be5d1761ae95f3ca448,2026-07-29T04:04:53.935Z,2026-07-29T12:41:27.570Z,[],0,,,,,,
6a697f1fd1761ae95f3ca4f9,6a449eaf3e24124ff06a4a45,6a44a1d53e24124ff06a4cf5,2026-07-29,2026-07-29T00:00:00Z,6a44a98f3e24124ff06a53e4,6a44a9ef3e24124ff06a5439,2026-07-29T04:18:39.495Z,2026-07-29T12:52:40.400Z,mobile,mobile,514,false,0,present,,,,,false,,6a697f1fd1761ae95f3ca4f9,2026-07-29T04:18:39.512Z,2026-07-29T12:52:40.411Z,[],0,,,,,,
6a6acb9bd1761ae95f3cb4f4,6a449eaf3e24124ff06a4a45,6a44ab783e24124ff06a557f,2026-07-30,2026-07-30T00:00:00Z,6a44a98f3e24124ff06a53e4,6a44a9ef3e24124ff06a5439,2026-07-30T03:57:15.146Z,2026-07-30T12:48:24.303Z,mobile,mobile,531,false,0,present,,,,,false,,6a6acb9bd1761ae95f3cb4f4,2026-07-30T03:57:15.163Z,2026-07-30T12:48:24.312Z,[],0,,,,,,
6a6acd1dd1761ae95f3cb56f,6a449eaf3e24124ff06a4a45,6a44abdc3e24124ff06a5641,2026-07-30,2026-07-30T00:00:00Z,6a44a98f3e24124ff06a53e4,6a44a9ef3e24124ff06a5439,2026-07-30T04:03:41.377Z,2026-07-30T12:36:37.716Z,mobile,mobile,513,false,0,present,,,,,false,,6a6acd1dd1761ae95f3cb56f,2026-07-30T04:03:41.391Z,2026-07-30T12:36:37.733Z,[],0,,,,,,
6a6ad098710f5e2821e03ed3,6a449eaf3e24124ff06a4a45,6a44a1d53e24124ff06a4cf5,2026-07-30,2026-07-30T00:00:00Z,6a44a98f3e24124ff06a53e4,6a44a9ef3e24124ff06a5439,2026-07-30T04:18:32.330Z,2026-07-30T12:50:41.619Z,mobile,mobile,509,false,0,present,,,,,false,,6a6ad098710f5e2821e03ed3,2026-07-30T04:18:32.346Z,2026-07-30T12:50:41.632Z,[],0,,,,,,
6a6ad3e4710f5e2821e040d6,6a449eaf3e24124ff06a4a45,6a44acd53e24124ff06a5763,2026-07-30,2026-07-30T00:00:00Z,6a44a98f3e24124ff06a53e4,6a44a9ef3e24124ff06a5439,2026-07-30T04:32:36.524Z,2026-07-30T12:50:33.053Z,mobile,mobile,498,false,2,present,,,,,false,,6a6ad3e4710f5e2821e040d6,2026-07-30T04:32:36.546Z,2026-07-30T12:50:33.065Z,[],0,,,,,,
6a6b2611710f5e2821e052bc,6a449eaf3e24124ff06a4a45,6a44a09b3e24124ff06a4bea,2026-07-30,2026-07-30T00:00:00Z,6a44a98f3e24124ff06a53e4,6a44a9ef3e24124ff06a5439,2026-07-30T03:38:00Z,2026-07-30T12:30:00Z,manual,manual,532,false,0,present,,6a50bc3f41a999f8777ce3ec,Yashraj Joshi,2026-07-31T09:15:42.627Z,false,,6a6b2611710f5e2821e052bc,2026-07-30T10:23:13.677Z,2026-07-31T09:15:42.631Z,[],0,,,,,,
6a6ba428710f5e2821e0623b,6a449eaf3e24124ff06a4a45,6a44a09b3e24124ff06a4bea,2026-07-31,2026-07-31T00:00:00Z,6a44a98f3e24124ff06a53e4,6a44a9ef3e24124ff06a5439,2026-07-31T04:00:00Z,2026-07-31T12:30:00Z,manual,manual,510,false,0,present,Marked on time manually for Day Shift.,6a449eaf3e24124ff06a4a45,Signet AI,2026-08-01T07:36:17.983Z,false,,6a6ba428710f5e2821e0623b,2026-07-30T19:21:12.708Z,2026-08-01T07:36:17.984Z,[],0,,,,,,
6a6c1f8b710f5e2821e06627,6a449eaf3e24124ff06a4a45,6a44ab783e24124ff06a557f,2026-07-31,2026-07-31T00:00:00Z,6a44a98f3e24124ff06a53e4,6a44a9ef3e24124ff06a5439,2026-07-31T04:07:39.650Z,2026-07-31T12:51:23.888Z,mobile,mobile,524,false,0,present,,,,,false,,6a6c1f8b710f5e2821e06627,2026-07-31T04:07:39.661Z,2026-07-31T12:51:23.896Z,[],0,,,,,,
6a6c20a8710f5e2821e0670a,6a449eaf3e24124ff06a4a45,6a44abdc3e24124ff06a5641,2026-07-31,2026-07-31T00:00:00Z,6a44a98f3e24124ff06a53e4,6a44a9ef3e24124ff06a5439,2026-07-31T04:12:24.787Z,2026-07-31T12:45:00Z,mobile,manual,513,false,0,present,,6a449eaf3e24124ff06a4a45,Signet AI,2026-08-05T09:58:03.736Z,false,,6a6c20a8710f5e2821e0670a,2026-07-31T04:12:24.794Z,2026-08-05T09:58:03.738Z,[],0,,,,,,
6a6c2118710f5e2821e067bb,6a449eaf3e24124ff06a4a45,6a44a1d53e24124ff06a4cf5,2026-07-31,2026-07-31T00:00:00Z,6a44a98f3e24124ff06a53e4,6a44a9ef3e24124ff06a5439,2026-07-31T04:14:16.285Z,2026-07-31T12:51:01.228Z,mobile,mobile,517,false,0,present,,,,,false,,6a6c2118710f5e2821e067bb,2026-07-31T04:14:16.299Z,2026-07-31T12:51:01.239Z,[],0,,,,,,
6a6c223c710f5e2821e0695f,6a449eaf3e24124ff06a4a45,6a44acd53e24124ff06a5763,2026-07-31,2026-07-31T00:00:00Z,6a44a98f3e24124ff06a53e4,6a44a9ef3e24124ff06a5439,2026-07-31T04:19:08.146Z,2026-07-31T12:50:43.254Z,mobile,mobile,512,false,0,present,,,,,false,,6a6c223c710f5e2821e0695f,2026-07-31T04:19:08.156Z,2026-07-31T12:50:43.262Z,[],0,,,,,,
6a6d6e880d3d719214d91f55,6a449eaf3e24124ff06a4a45,6a44abdc3e24124ff06a5641,2026-08-01,2026-08-01T00:00:00Z,6a44a98f3e24124ff06a53e4,6a44a9ef3e24124ff06a5439,2026-08-01T03:56:56.570Z,2026-08-01T12:40:51.897Z,mobile,mobile,524,false,0,present,,,,,false,,6a6d6e880d3d719214d91f55,2026-08-01T03:56:56.601Z,2026-08-01T12:40:51.909Z,[],0,,,,,,
6a6d70b90d3d719214d9205c,6a449eaf3e24124ff06a4a45,6a44ab783e24124ff06a557f,2026-08-01,2026-08-01T00:00:00Z,6a44a98f3e24124ff06a53e4,6a44a9ef3e24124ff06a5439,2026-08-01T04:06:17.341Z,2026-08-01T12:50:56.416Z,mobile,mobile,525,false,0,present,,,,,false,,6a6d70b90d3d719214d9205c,2026-08-01T04:06:17.353Z,2026-08-01T12:50:56.421Z,[],0,,,,,,
6a6d72660d3d719214d9210f,6a449eaf3e24124ff06a4a45,6a44a1d53e24124ff06a4cf5,2026-08-01,2026-08-01T00:00:00Z,6a44a98f3e24124ff06a53e4,6a44a9ef3e24124ff06a5439,2026-08-01T04:13:26.023Z,2026-08-01T12:53:04.949Z,mobile,mobile,520,false,0,present,,,,,false,,6a6d72660d3d719214d9210f,2026-08-01T04:13:26.037Z,2026-08-01T12:53:04.957Z,[],0,,,,,,
6a6d756b0d3d719214d9223f,6a449eaf3e24124ff06a4a45,6a44acd53e24124ff06a5763,2026-08-01,2026-08-01T00:00:00Z,6a44a98f3e24124ff06a53e4,6a44a9ef3e24124ff06a5439,2026-08-01T04:26:00Z,2026-08-01T12:53:00Z,manual,manual,507,false,0,half_day,,6a449eaf3e24124ff06a4a45,Signet AI,2026-08-10T06:07:29.816Z,false,,6a6d756b0d3d719214d9223f,2026-08-01T04:26:19.184Z,2026-08-10T06:07:29.817Z,[],0,false,,,,,
6a70138a0d3d719214d95f8f,6a449eaf3e24124ff06a4a45,6a44abdc3e24124ff06a5641,2026-08-03,2026-08-03T00:00:00Z,6a44a98f3e24124ff06a53e4,6a44a9ef3e24124ff06a5439,2026-08-03T04:05:30.571Z,2026-08-03T12:54:30.011Z,mobile,mobile,529,false,0,present,,,,,false,,6a70138a0d3d719214d95f8f,2026-08-03T04:05:30.582Z,2026-08-03T12:54:30.020Z,[],0,,,,,,
6a7015390d3d719214d9600a,6a449eaf3e24124ff06a4a45,6a44ab783e24124ff06a557f,2026-08-03,2026-08-03T00:00:00Z,6a44a98f3e24124ff06a53e4,6a44a9ef3e24124ff06a5439,2026-08-03T04:12:41.161Z,2026-08-03T12:43:27.021Z,mobile,mobile,511,false,0,present,,,,,false,,6a7015390d3d719214d9600a,2026-08-03T04:12:41.169Z,2026-08-03T12:43:27.032Z,[],0,,,,,,
6a7164b50d3d719214d96754,6a449eaf3e24124ff06a4a45,6a44ab783e24124ff06a557f,2026-08-04,2026-08-04T00:00:00Z,6a44a98f3e24124ff06a53e4,6a44a9ef3e24124ff06a5439,2026-08-04T04:04:05.324Z,2026-08-04T12:37:11.378Z,mobile,mobile,513,false,0,present,,,,,false,,6a7164b50d3d719214d96754,2026-08-04T04:04:05.348Z,2026-08-04T12:37:11.384Z,[],0,,,,,,
6a716ee40d3d719214d96819,6a449eaf3e24124ff06a4a45,6a44a1d53e24124ff06a4cf5,2026-08-04,2026-08-04T00:00:00Z,6a44a98f3e24124ff06a53e4,6a44a9ef3e24124ff06a5439,2026-08-04T04:47:32.321Z,2026-08-04T12:45:12.537Z,mobile,mobile,478,false,17,present,,,,,false,,6a716ee40d3d719214d96819,2026-08-04T04:47:32.331Z,2026-08-04T12:45:12.546Z,[],0,,,,,,
6a71ddc30d3d719214d97962,6a449eaf3e24124ff06a4a45,6a44abdc3e24124ff06a5641,2026-08-04,2026-08-04T00:00:00Z,6a44a98f3e24124ff06a53e4,6a44a9ef3e24124ff06a5439,2026-08-04T04:00:00Z,2026-08-04T12:30:00Z,manual,manual,510,false,0,present,Marked on time manually for Day Shift.,6a449eaf3e24124ff06a4a45,Signet AI,2026-08-04T12:40:35.059Z,false,,6a71ddc30d3d719214d97962,2026-08-04T12:40:35.061Z,2026-08-04T12:40:35.061Z,[],0,,,,,,
6a72b6130d3d719214d97e45,6a449eaf3e24124ff06a4a45,6a44ab783e24124ff06a557f,2026-08-05,2026-08-05T00:00:00Z,6a44a98f3e24124ff06a53e4,6a44a9ef3e24124ff06a5439,2026-08-05T04:03:31.131Z,2026-08-05T12:49:16.768Z,mobile,mobile,526,false,0,present,,,,,false,,6a72b6130d3d719214d97e45,2026-08-05T04:03:31.142Z,2026-08-05T12:49:16.772Z,[],0,,,,,,
6a72bc950d3d719214d97ec2,6a449eaf3e24124ff06a4a45,6a44abdc3e24124ff06a5641,2026-08-05,2026-08-05T00:00:00Z,6a44a98f3e24124ff06a53e4,6a44a9ef3e24124ff06a5439,2026-08-05T04:32:00Z,2026-08-05T12:38:00Z,manual,manual,486,false,2,present,,6a449eaf3e24124ff06a4a45,Signet AI,2026-08-10T06:09:08.647Z,false,,6a72bc950d3d719214d97ec2,2026-08-05T04:31:17.136Z,2026-08-10T06:09:08.649Z,"[""late_check_in"",""early_checkout""]",0,false,,,,,
6a72bee80d3d719214d97f7e,6a449eaf3e24124ff06a4a45,6a44a1d53e24124ff06a4cf5,2026-08-05,2026-08-05T00:00:00Z,6a44a98f3e24124ff06a53e4,6a44a9ef3e24124ff06a5439,2026-08-05T04:41:12.557Z,2026-08-05T12:52:15.391Z,mobile,mobile,491,false,11,present,,,,,false,,6a72bee80d3d719214d97f7e,2026-08-05T04:41:12.567Z,2026-08-05T12:52:15.399Z,[],0,,,,,,
6a7306950d3d719214d98a18,6a449eaf3e24124ff06a4a45,6a44a09b3e24124ff06a4bea,2026-08-05,2026-08-05T00:00:00Z,6a44a98f3e24124ff06a53e4,6a44a9ef3e24124ff06a5439,2026-08-05T04:59:00Z,2026-08-05T12:53:11.352Z,manual,mobile,474,false,29,present,,6a449eaf3e24124ff06a4a45,Signet AI,2026-08-05T09:47:01.376Z,false,,6a7306950d3d719214d98a18,2026-08-05T09:47:01.380Z,2026-08-05T12:53:11.360Z,[],0,,,,,,
6a7406550d3d719214d9a4eb,6a449eaf3e24124ff06a4a45,6a44ab783e24124ff06a557f,2026-08-06,2026-08-06T00:00:00Z,6a44a98f3e24124ff06a53e4,6a44a9ef3e24124ff06a5439,2026-08-06T03:58:13.277Z,2026-08-06T12:44:52.209Z,mobile,mobile,527,false,0,present,,,,,false,,6a7406550d3d719214d9a4eb,2026-08-06T03:58:13.294Z,2026-08-06T12:44:52.215Z,[],0,,,,,,
6a7408520d3d719214d9a566,6a449eaf3e24124ff06a4a45,6a44abdc3e24124ff06a5641,2026-08-06,2026-08-06T00:00:00Z,6a44a98f3e24124ff06a53e4,6a44a9ef3e24124ff06a5439,2026-08-06T04:06:42.082Z,2026-08-06T12:36:57.685Z,mobile,mobile,510,false,0,present,,,,,false,,6a7408520d3d719214d9a566,2026-08-06T04:06:42.096Z,2026-08-06T12:36:57.690Z,[],0,,,,,,
6a740d660d3d719214d9a626,6a449eaf3e24124ff06a4a45,6a44acd53e24124ff06a5763,2026-08-06,2026-08-06T00:00:00Z,6a44a98f3e24124ff06a53e4,6a44a9ef3e24124ff06a5439,2026-08-06T04:28:22.285Z,2026-08-06T12:56:34.326Z,mobile,mobile,508,false,0,present,,,,,false,,6a740d660d3d719214d9a626,2026-08-06T04:28:22.297Z,2026-08-06T12:56:34.343Z,"[""early_checkout""]",0,,,,,,
6a7411190d3d719214d9a7a6,6a449eaf3e24124ff06a4a45,6a44a1d53e24124ff06a4cf5,2026-08-06,2026-08-06T00:00:00Z,6a44a98f3e24124ff06a53e4,6a44a9ef3e24124ff06a5439,2026-08-06T04:44:00Z,2026-08-06T12:58:31.350Z,manual,mobile,495,false,14,present,,,Smart HRX Ops (one-off correction script),2026-08-06T08:21:59.267Z,false,,6a7411190d3d719214d9a7a6,2026-08-06T04:44:09.643Z,2026-08-06T12:58:31.358Z,"[""early_checkout""]",0,,,,,,
6a7420c50d3d719214d9ab67,6a449eaf3e24124ff06a4a45,6a44a09b3e24124ff06a4bea,2026-08-06,2026-08-06T00:00:00Z,6a44a98f3e24124ff06a53e4,6a44a9ef3e24124ff06a5439,2026-08-06T05:44:00Z,2026-08-06T12:56:23.272Z,manual,mobile,432,false,74,present,,6a50bc3f41a999f8777ce3ec,Yashraj Joshi,2026-08-06T11:29:51.435Z,false,,6a7420c50d3d719214d9ab67,2026-08-06T05:51:01.611Z,2026-08-06T12:56:23.295Z,"[""late_check_in"",""early_checkout""]",0,,,,,,
6a7557fe21962872dcd2fc73,6a449eaf3e24124ff06a4a45,6a44ab783e24124ff06a557f,2026-08-07,2026-08-07T00:00:00Z,6a44a98f3e24124ff06a53e4,6a44a9ef3e24124ff06a5439,2026-08-07T03:58:54.117Z,2026-08-07T12:37:42.033Z,mobile,mobile,519,false,0,present,,,,,false,,6a7557fe21962872dcd2fc73,2026-08-07T03:58:54.133Z,2026-08-07T12:37:42.039Z,[],0,,,,,,
6a755f7f21962872dcd2fdb2,6a449eaf3e24124ff06a4a45,6a44a1d53e24124ff06a4cf5,2026-08-07,2026-08-07T00:00:00Z,6a44a98f3e24124ff06a53e4,6a44a9ef3e24124ff06a5439,2026-08-07T04:30:55.769Z,2026-08-07T12:51:13.854Z,mobile,mobile,500,false,0,present,,,,,false,,6a755f7f21962872dcd2fdb2,2026-08-07T04:30:55.796Z,2026-08-07T12:51:13.863Z,"[""early_checkout""]",0,,,,,,
6a755f9421962872dcd2fe6c,6a449eaf3e24124ff06a4a45,6a44acd53e24124ff06a5763,2026-08-07,2026-08-07T00:00:00Z,6a44a98f3e24124ff06a53e4,6a44a9ef3e24124ff06a5439,2026-08-07T04:31:16.961Z,2026-08-07T12:54:59.086Z,mobile,mobile,504,false,1,present,,,,,false,,6a755f9421962872dcd2fe6c,2026-08-07T04:31:16.980Z,2026-08-07T12:54:59.107Z,"[""late_check_in"",""early_checkout""]",0,,,,,,
6a75692821962872dcd2ff90,6a449eaf3e24124ff06a4a45,6a44a09b3e24124ff06a4bea,2026-08-07,2026-08-07T00:00:00Z,6a44a98f3e24124ff06a53e4,6a44a9ef3e24124ff06a5439,2026-08-07T05:05:00Z,2026-08-07T11:00:00Z,manual,manual,355,false,35,half_day,Marked on time manually for Day Shift.,6a449eaf3e24124ff06a4a45,Signet AI,2026-08-07T11:57:13.422Z,false,,6a75692821962872dcd2ff90,2026-08-07T05:12:08.378Z,2026-08-07T11:57:13.423Z,"[""late_check_in""]",0,,,,,,
6a756afc21962872dcd3040a,6a449eaf3e24124ff06a4a45,6a44abdc3e24124ff06a5641,2026-08-07,2026-08-07T00:00:00Z,6a44a98f3e24124ff06a53e4,6a44a9ef3e24124ff06a5439,2026-08-07T04:00:00Z,2026-08-07T12:30:00Z,manual,manual,510,false,0,present,Marked on time manually for Day Shift.,6a50bc3f41a999f8777ce3ec,Yashraj Joshi,2026-08-07T16:44:36.943Z,false,,6a756afc21962872dcd3040a,2026-08-07T05:19:56.418Z,2026-08-07T16:44:36.944Z,[],0,,,,,,
6a757d5004ccadcaed5ef22f,6a449eaf3e24124ff06a4a45,6a756bf021962872dcd3066f,2026-08-07,2026-08-07T00:00:00Z,6a44a98f3e24124ff06a53e4,,2026-08-07T04:15:00Z,2026-08-07T11:40:00Z,manual,manual,445,false,0,present,,6a449eaf3e24124ff06a4a45,Signet AI,2026-08-07T11:56:48.730Z,false,,6a757d5004ccadcaed5ef22f,2026-08-07T06:38:08.068Z,2026-08-07T11:56:48.732Z,"[""early_checkout""]",0,,,,,,
6a75aa3904ccadcaed5f281f,6a449eaf3e24124ff06a4a45,6a756bf021962872dcd3066f,2026-08-06,2026-08-06T00:00:00Z,6a44a98f3e24124ff06a53e4,,2026-08-06T03:30:00Z,2026-08-06T12:30:00Z,manual,manual,540,false,0,present,Marked on time manually for standard shift.,6a50bc3f41a999f8777ce3ec,Yashraj Joshi,2026-08-07T09:49:45.345Z,false,,6a75aa3904ccadcaed5f281f,2026-08-07T09:49:45.346Z,2026-08-07T09:49:45.346Z,[],0,,,,,,
6a76a96a04ccadcaed5f6e0b,6a449eaf3e24124ff06a4a45,6a44ab783e24124ff06a557f,2026-08-08,2026-08-08T00:00:00Z,6a44a98f3e24124ff06a53e4,6a44a9ef3e24124ff06a5439,2026-08-08T03:58:34.431Z,2026-08-08T12:49:57.857Z,mobile,mobile,530,false,0,present,,,,,false,,6a76a96a04ccadcaed5f6e0b,2026-08-08T03:58:34.444Z,2026-08-08T12:49:57.864Z,"[""early_checkout""]",0,,,,,,
6a76aa8504ccadcaed5f6ea1,6a449eaf3e24124ff06a4a45,6a44abdc3e24124ff06a5641,2026-08-08,2026-08-08T00:00:00Z,6a44a98f3e24124ff06a53e4,6a44a9ef3e24124ff06a5439,2026-08-08T04:03:17.141Z,2026-08-08T11:50:41.688Z,mobile,mobile,467,false,0,present,,,,,false,,6a76aa8504ccadcaed5f6ea1,2026-08-08T04:03:17.152Z,2026-08-08T11:50:41.697Z,"[""early_checkout""]",0,,,,,,
6a76b04404ccadcaed5f7032,6a449eaf3e24124ff06a4a45,6a44acd53e24124ff06a5763,2026-08-08,2026-08-08T00:00:00Z,6a44a98f3e24124ff06a53e4,6a44a9ef3e24124ff06a5439,2026-08-08T04:27:48.191Z,2026-08-08T13:04:00.305Z,mobile,mobile,515,false,0,present,,,,,false,,6a76b04404ccadcaed5f7032,2026-08-08T04:27:48.201Z,2026-08-08T13:04:00.314Z,[],0,,,,,,
6a76b26c04ccadcaed5f7243,6a449eaf3e24124ff06a4a45,6a44a1d53e24124ff06a4cf5,2026-08-08,2026-08-08T00:00:00Z,6a44a98f3e24124ff06a53e4,6a44a9ef3e24124ff06a5439,2026-08-08T04:37:00.553Z,2026-08-08T13:11:14.286Z,mobile,mobile,513,false,7,present,,,,,false,,6a76b26c04ccadcaed5f7243,2026-08-08T04:37:00.565Z,2026-08-08T13:11:14.302Z,"[""late_check_in""]",0,false,,,,,
6a76b98704ccadcaed5f7741,6a449eaf3e24124ff06a4a45,6a44a09b3e24124ff06a4bea,2026-08-08,2026-08-08T00:00:00Z,6a44a98f3e24124ff06a53e4,6a44a9ef3e24124ff06a5439,,,manual,manual,0,false,0,absent,,6a449eaf3e24124ff06a4a45,Signet AI,2026-08-10T05:03:15.267Z,false,,6a76b98704ccadcaed5f7741,2026-08-08T05:07:19.628Z,2026-08-10T05:03:15.268Z,[],0,false,,,,,
6a76c17904ccadcaed5f8c09,6a449eaf3e24124ff06a4a45,6a756bf021962872dcd3066f,2026-08-08,2026-08-08T00:00:00Z,6a44a98f3e24124ff06a53e4,,2026-08-08T05:41:00Z,2026-08-08T10:51:00Z,manual,manual,310,false,71,half_day,,6a449eaf3e24124ff06a4a45,Signet AI,2026-08-08T11:09:33.354Z,false,,6a76c17904ccadcaed5f8c09,2026-08-08T05:41:13.934Z,2026-08-08T11:09:33.356Z,"[""late_check_in""]",0,,,,,,
6a794ce5fd671691f19bdaa3,6a449eaf3e24124ff06a4a45,6a44ab783e24124ff06a557f,2026-08-10,2026-08-10T00:00:00Z,6a44a98f3e24124ff06a53e4,6a44a9ef3e24124ff06a5439,2026-08-10T04:00:37.097Z,2026-08-10T13:25:46.445Z,mobile,mobile,565,false,0,present,,,,,false,,6a794ce5fd671691f19bdaa3,2026-08-10T04:00:37.116Z,2026-08-10T13:25:46.456Z,[],0,false,,,,,
6a794efbfd671691f19bdb39,6a449eaf3e24124ff06a4a45,6a44abdc3e24124ff06a5641,2026-08-10,2026-08-10T00:00:00Z,6a44a98f3e24124ff06a53e4,6a44a9ef3e24124ff06a5439,2026-08-10T04:09:31.945Z,2026-08-10T12:42:04.666Z,mobile,mobile,513,false,0,present,,,,,false,,6a794efbfd671691f19bdb39,2026-08-10T04:09:31.956Z,2026-08-10T12:42:04.679Z,[],0,false,,,,,
6a795039fd671691f19bdc0c,6a449eaf3e24124ff06a4a45,6a44acd53e24124ff06a5763,2026-08-10,2026-08-10T00:00:00Z,6a44a98f3e24124ff06a53e4,6a44a9ef3e24124ff06a5439,2026-08-10T04:14:49.614Z,2026-08-10T12:54:58.486Z,mobile,tablet,520,false,0,present,,,,,false,,6a795039fd671691f19bdc0c,2026-08-10T04:14:49.626Z,2026-08-10T12:54:58.497Z,[],0,true,,,,,
6a79578efd671691f19bdd11,6a449eaf3e24124ff06a4a45,6a44a1d53e24124ff06a4cf5,2026-08-10,2026-08-10T00:00:00Z,6a44a98f3e24124ff06a53e4,6a44a9ef3e24124ff06a5439,2026-08-10T04:30:00Z,2026-08-10T12:55:13.787Z,manual,tablet,505,false,0,half_day,,6a449eaf3e24124ff06a4a45,Signet AI,2026-08-10T10:06:53.699Z,false,,6a79578efd671691f19bdd11,2026-08-10T04:46:06.780Z,2026-08-10T12:55:13.799Z,[],0,true,Reopened via manual attendance edit,Signet AI,,6a449eaf3e24124ff06a4a45,2026-08-10T10:06:53.699Z
6a795840fd671691f19bde49,6a449eaf3e24124ff06a4a45,6a756bf021962872dcd3066f,2026-08-10,2026-08-10T00:00:00Z,6a44a98f3e24124ff06a53e4,,2026-08-10T04:49:00Z,2026-08-10T13:00:00Z,manual,manual,491,false,19,present,,6a449eaf3e24124ff06a4a45,Signet AI,2026-08-18T04:46:55.036Z,false,,6a795840fd671691f19bde49,2026-08-10T04:49:04.756Z,2026-08-18T04:46:55.037Z,"[""late_check_in"",""early_checkout""]",0,false,,,,,
6a795bf1fd671691f19be4b4,6a449eaf3e24124ff06a4a45,6a44a09b3e24124ff06a4bea,2026-08-10,2026-08-10T00:00:00Z,6a44a98f3e24124ff06a53e4,6a44a9ef3e24124ff06a5439,2026-08-10T05:04:00Z,2026-08-10T13:00:00Z,manual,manual,476,false,0,half_day,,6a449eaf3e24124ff06a4a45,Signet AI,2026-08-11T04:55:09.444Z,false,,6a795bf1fd671691f19be4b4,2026-08-10T05:04:49.465Z,2026-08-11T04:55:09.445Z,[],0,false,,,,,
6a7a9dd9bbfa34843850a489,6a449eaf3e24124ff06a4a45,6a44abdc3e24124ff06a5641,2026-08-11,2026-08-11T00:00:00Z,6a44a98f3e24124ff06a53e4,6a44a9ef3e24124ff06a5439,2026-08-11T03:58:17.738Z,2026-08-11T12:36:18.933Z,mobile,mobile,518,false,0,present,,,,,false,,6a7a9dd9bbfa34843850a489,2026-08-11T03:58:17.749Z,2026-08-11T12:36:18.942Z,[],0,false,,,,,
6a7a9e78bbfa34843850a4f1,6a449eaf3e24124ff06a4a45,6a44ab783e24124ff06a557f,2026-08-11,2026-08-11T00:00:00Z,6a44a98f3e24124ff06a53e4,6a44a9ef3e24124ff06a5439,2026-08-11T04:00:56.171Z,2026-08-11T08:45:57.204Z,mobile,mobile,285,false,0,half_day,,,,,false,,6a7a9e78bbfa34843850a4f1,2026-08-11T04:00:56.182Z,2026-08-11T08:45:57.220Z,[],0,false,,,,,
6a7aa0dbbbfa34843850a5b1,6a449eaf3e24124ff06a4a45,6a44acd53e24124ff06a5763,2026-08-11,2026-08-11T00:00:00Z,6a44a98f3e24124ff06a53e4,6a44a9ef3e24124ff06a5439,2026-08-11T04:11:07.277Z,2026-08-11T12:47:16.203Z,mobile,mobile,516,false,0,present,,,,,false,,6a7aa0dbbbfa34843850a5b1,2026-08-11T04:11:07.283Z,2026-08-11T12:47:16.209Z,[],0,false,,,,,
6a7aa509bbfa34843850a68d,6a449eaf3e24124ff06a4a45,6a44a1d53e24124ff06a4cf5,2026-08-11,2026-08-11T00:00:00Z,6a44a98f3e24124ff06a53e4,6a44a9ef3e24124ff06a5439,2026-08-11T04:28:57.929Z,2026-08-11T12:49:51.236Z,mobile,mobile,501,false,0,half_day,,,,,false,,6a7aa509bbfa34843850a68d,2026-08-11T04:28:57.935Z,2026-08-11T12:49:51.241Z,[],0,false,,,,,
6a7aa89abbfa34843850a83a,6a449eaf3e24124ff06a4a45,6a756bf021962872dcd3066f,2026-08-11,2026-08-11T00:00:00Z,6a44a98f3e24124ff06a53e4,,2026-08-11T04:44:00Z,2026-08-11T12:40:00Z,manual,manual,476,false,0,half_day,,6a449eaf3e24124ff06a4a45,Signet AI,2026-08-13T13:02:14.528Z,false,,6a7aa89abbfa34843850a83a,2026-08-11T04:44:10.575Z,2026-08-13T13:02:14.530Z,[],0,false,,,,,
6a7aa8c6bbfa34843850a942,6a449eaf3e24124ff06a4a45,6a44a09b3e24124ff06a4bea,2026-08-11,2026-08-11T00:00:00Z,6a44a98f3e24124ff06a53e4,6a44a9ef3e24124ff06a5439,2026-08-11T04:44:00Z,2026-08-11T11:00:00Z,manual,manual,376,false,0,half_day,,6a449eaf3e24124ff06a4a45,Signet AI,2026-08-11T11:06:05.697Z,false,,6a7aa8c6bbfa34843850a942,2026-08-11T04:44:54.886Z,2026-08-11T11:06:05.699Z,[],0,false,,,,,
6a7bf03ce9504dba617fc4d0,6a449eaf3e24124ff06a4a45,6a44ab783e24124ff06a557f,2026-08-12,2026-08-12T00:00:00Z,6a44a98f3e24124ff06a53e4,6a44a9ef3e24124ff06a5439,2026-08-12T04:02:04.335Z,2026-08-12T13:05:04.427Z,mobile,mobile,543,false,0,present,,,,,false,,6a7bf03ce9504dba617fc4d0,2026-08-12T04:02:04.363Z,2026-08-12T13:05:04.438Z,[],0,false,,,,,
6a7bf149e9504dba617fc566,6a449eaf3e24124ff06a4a45,6a44abdc3e24124ff06a5641,2026-08-12,2026-08-12T00:00:00Z,6a44a98f3e24124ff06a53e4,6a44a9ef3e24124ff06a5439,2026-08-12T04:06:33.071Z,2026-08-12T12:47:16.902Z,mobile,mobile,521,false,0,present,,,,,false,,6a7bf149e9504dba617fc566,2026-08-12T04:06:33.084Z,2026-08-12T12:47:16.909Z,[],0,false,,,,,
6a7bf6c1e9504dba617fc63b,6a449eaf3e24124ff06a4a45,6a44a1d53e24124ff06a4cf5,2026-08-12,2026-08-12T00:00:00Z,6a44a98f3e24124ff06a53e4,6a44a9ef3e24124ff06a5439,2026-08-12T04:29:53.237Z,2026-08-12T12:51:06.380Z,mobile,mobile,501,false,0,half_day,,,,,false,,6a7bf6c1e9504dba617fc63b,2026-08-12T04:29:53.246Z,2026-08-12T12:51:06.387Z,[],0,false,,,,,
6a7bfdd7e9504dba617fc9f8,6a449eaf3e24124ff06a4a45,6a756bf021962872dcd3066f,2026-08-12,2026-08-12T00:00:00Z,6a44a98f3e24124ff06a53e4,,2026-08-12T05:00:07.802Z,2026-08-12T16:10:14.966Z,desktop,desktop,670,true,30,half_day,,,,,false,,6a7bfdd7e9504dba617fc9f8,2026-08-12T05:00:07.819Z,2026-08-12T16:10:14.974Z,[],0,false,,,2026-08-12T09:15:07.802Z,,
6a7c0120e9504dba617fd07d,6a449eaf3e24124ff06a4a45,6a44a09b3e24124ff06a4bea,2026-08-12,2026-08-12T00:00:00Z,6a44a98f3e24124ff06a53e4,6a44a9ef3e24124ff06a5439,2026-08-12T05:00:00Z,2026-08-12T12:49:16.907Z,manual,tablet,469,false,0,half_day,,6a50bc3f41a999f8777ce3ec,Yashraj Joshi,2026-08-12T05:16:05.245Z,false,,6a7c0120e9504dba617fd07d,2026-08-12T05:14:08.131Z,2026-08-12T12:49:16.911Z,[],0,true,,,,,
6a7d41b6865b598c52bab68e,6a449eaf3e24124ff06a4a45,6a44ab783e24124ff06a557f,2026-08-13,2026-08-13T00:00:00Z,6a44a98f3e24124ff06a53e4,6a44a9ef3e24124ff06a5439,2026-08-13T04:01:58.853Z,2026-08-13T13:14:12.520Z,mobile,mobile,552,false,0,present,,,,,false,,6a7d41b6865b598c52bab68e,2026-08-13T04:01:58.863Z,2026-08-13T13:14:12.530Z,[],0,false,,,,,
6a7d42c4865b598c52bab724,6a449eaf3e24124ff06a4a45,6a44abdc3e24124ff06a5641,2026-08-13,2026-08-13T00:00:00Z,6a44a98f3e24124ff06a53e4,6a44a9ef3e24124ff06a5439,2026-08-13T04:06:28.040Z,2026-08-13T12:36:28.040Z,mobile,system_auto,510,false,0,present,Auto checked-out -- forgot to check out (shift ended without a check-out).,,,,false,,6a7d42c4865b598c52bab724,2026-08-13T04:06:28.048Z,2026-09-22T06:03:54.684Z,[],0,false,,,,,
6a7d4a3f865b598c52bab7b1,6a449eaf3e24124ff06a4a45,6a44a09b3e24124ff06a4bea,2026-08-13,2026-08-13T00:00:00Z,6a44a98f3e24124ff06a53e4,6a44a9ef3e24124ff06a5439,2026-08-13T04:38:00Z,2026-08-13T13:30:00Z,manual,manual,532,true,8,half_day,,6a449eaf3e24124ff06a4a45,Signet AI,2026-08-14T05:17:18.883Z,false,,6a7d4a3f865b598c52bab7b1,2026-08-13T04:38:23.096Z,2026-08-14T05:17:18.884Z,[],0,false,,,,,
6a7d4a6f865b598c52bab876,6a449eaf3e24124ff06a4a45,6a44a1d53e24124ff06a4cf5,2026-08-13,2026-08-13T00:00:00Z,6a44a98f3e24124ff06a53e4,6a44a9ef3e24124ff06a5439,2026-08-13T04:39:11.186Z,2026-08-13T13:30:05.452Z,tablet,tablet,531,false,9,present,,,,,false,,6a7d4a6f865b598c52bab876,2026-08-13T04:39:11.195Z,2026-08-13T13:30:05.465Z,"[""late_check_in""]",0,true,,,,,
6a7d4bad865b598c52bab982,6a449eaf3e24124ff06a4a45,6a756bf021962872dcd3066f,2026-08-13,2026-08-13T00:00:00Z,6a44a98f3e24124ff06a53e4,,2026-08-13T04:44:00Z,2026-08-13T12:50:00Z,manual,manual,486,true,14,half_day,,6a449eaf3e24124ff06a4a45,Signet AI,2026-08-13T13:00:44.098Z,false,,6a7d4bad865b598c52bab982,2026-08-13T04:44:29.034Z,2026-08-13T13:00:44.100Z,[],0,false,,,,,
6a7e92c8e7818dfdfb9861f0,6a449eaf3e24124ff06a4a45,6a44ab783e24124ff06a557f,2026-08-14,2026-08-14T00:00:00Z,6a44a98f3e24124ff06a53e4,6a44a9ef3e24124ff06a5439,2026-08-14T04:00:08.140Z,2026-08-14T12:54:24.172Z,mobile,mobile,534,false,0,present,,,,,false,,6a7e92c8e7818dfdfb9861f0,2026-08-14T04:00:08.195Z,2026-08-14T12:54:24.195Z,[],0,false,,,,,
6a7e9466e7818dfdfb98628d,6a449eaf3e24124ff06a4a45,6a44abdc3e24124ff06a5641,2026-08-14,2026-08-14T00:00:00Z,6a44a98f3e24124ff06a53e4,6a44a9ef3e24124ff06a5439,2026-08-14T04:07:02.641Z,2026-08-14T13:07:28.839Z,mobile,mobile,540,false,0,present,,,,,false,,6a7e9466e7818dfdfb98628d,2026-08-14T04:07:02.657Z,2026-08-14T13:07:28.844Z,[],0,false,,,,,
6a7e9940e7818dfdfb9863ec,6a449eaf3e24124ff06a4a45,6a756bf021962872dcd3066f,2026-08-14,2026-08-14T00:00:00Z,6a44a98f3e24124ff06a53e4,,2026-08-14T04:27:00Z,2026-08-14T13:00:00Z,manual,manual,513,false,0,present,,6a449eaf3e24124ff06a4a45,Signet AI,2026-08-18T04:47:31.985Z,false,,6a7e9940e7818dfdfb9863ec,2026-08-14T04:27:44.079Z,2026-08-18T04:47:31.986Z,[],0,false,,,,,
6a7e9d6ae7818dfdfb9869e6,6a449eaf3e24124ff06a4a45,6a44a1d53e24124ff06a4cf5,2026-08-14,2026-08-14T00:00:00Z,6a44a98f3e24124ff06a53e4,6a44a9ef3e24124ff06a5439,2026-08-14T04:45:30.700Z,2026-08-14T13:00:00Z,mobile,manual,494,false,0,half_day,,6a50bc3f41a999f8777ce3ec,Yashraj Joshi,2026-08-18T04:51:31.178Z,false,,6a7e9d6ae7818dfdfb9869e6,2026-08-14T04:45:30.717Z,2026-08-18T04:51:31.179Z,[],0,false,,,,,
6a7ec3efe1024438d9e5f50b,6a449eaf3e24124ff06a4a45,6a44a09b3e24124ff06a4bea,2026-08-14,2026-08-14T00:00:00Z,6a44a98f3e24124ff06a53e4,6a44a9ef3e24124ff06a5439,2026-08-14T07:29:00Z,2026-08-14T13:00:00Z,manual,manual,331,false,0,half_day,,6a449eaf3e24124ff06a4a45,Signet AI,2026-08-18T04:39:00.541Z,false,,6a7ec3efe1024438d9e5f50b,2026-08-14T07:29:51.867Z,2026-08-18T04:39:00.543Z,[],0,false,,,,,
6a82886c6f3873f3ef1461a1,6a449eaf3e24124ff06a4a45,6a44ab783e24124ff06a557f,2026-08-17,2026-08-17T00:00:00Z,6a44a98f3e24124ff06a53e4,6a44a9ef3e24124ff06a5439,2026-08-17T04:05:00.349Z,2026-08-17T13:18:01.135Z,mobile,mobile,553,false,0,present,,,,,false,,6a82886c6f3873f3ef1461a1,2026-08-17T04:05:00.362Z,2026-08-17T13:18:01.148Z,[],0,false,,,,,
6a82886e6f3873f3ef1461ca,6a449eaf3e24124ff06a4a45,6a44abdc3e24124ff06a5641,2026-08-17,2026-08-17T00:00:00Z,6a44a98f3e24124ff06a53e4,6a44a9ef3e24124ff06a5439,2026-08-17T04:05:02.777Z,2026-08-17T12:49:48.379Z,mobile,mobile,525,false,0,present,,,,,false,,6a82886e6f3873f3ef1461ca,2026-08-17T04:05:02.799Z,2026-08-17T12:49:48.388Z,[],0,false,,,,,
6a83d8526f3873f3ef146c34,6a449eaf3e24124ff06a4a45,6a44abdc3e24124ff06a5641,2026-08-18,2026-08-18T00:00:00Z,6a44a98f3e24124ff06a53e4,6a44a9ef3e24124ff06a5439,2026-08-18T03:58:10.207Z,2026-08-18T12:43:38.459Z,mobile,mobile,525,false,0,present,,,,,false,,6a83d8526f3873f3ef146c34,2026-08-18T03:58:10.215Z,2026-08-18T12:43:38.464Z,[],0,false,,,,,
6a83d9b56f3873f3ef146ccf,6a449eaf3e24124ff06a4a45,6a44ab783e24124ff06a557f,2026-08-18,2026-08-18T00:00:00Z,6a44a98f3e24124ff06a53e4,6a44a9ef3e24124ff06a5439,2026-08-18T04:04:04.999Z,2026-08-18T12:43:13.663Z,mobile,mobile,519,false,0,present,,,,,false,,6a83d9b56f3873f3ef146ccf,2026-08-18T04:04:05.012Z,2026-08-18T12:43:13.673Z,[],0,false,,,,,
6a83dfa46f3873f3ef146d95,6a449eaf3e24124ff06a4a45,6a44a1d53e24124ff06a4cf5,2026-08-18,2026-08-18T00:00:00Z,6a44a98f3e24124ff06a53e4,6a44a9ef3e24124ff06a5439,2026-08-18T04:29:24.897Z,2026-08-18T12:51:26.517Z,mobile,mobile,502,false,0,half_day,,,,,false,,6a83dfa46f3873f3ef146d95,2026-08-18T04:29:24.916Z,2026-08-18T12:51:26.522Z,[],0,false,,,,,
6a83e4276f3873f3ef1478a1,6a449eaf3e24124ff06a4a45,6a756bf021962872dcd3066f,2026-08-17,2026-08-17T00:00:00Z,6a44a98f3e24124ff06a53e4,,2026-08-17T04:30:00Z,2026-08-17T12:40:00Z,manual,manual,490,false,0,half_day,,6a449eaf3e24124ff06a4a45,Signet AI,2026-08-18T04:48:39.354Z,false,,6a83e4276f3873f3ef1478a1,2026-08-18T04:48:39.355Z,2026-08-18T04:48:39.355Z,[],0,false,,,,,
6a83e4d06f3873f3ef147c8b,6a449eaf3e24124ff06a4a45,6a756bf021962872dcd3066f,2026-08-18,2026-08-18T00:00:00Z,6a44a98f3e24124ff06a53e4,,2026-08-18T04:51:28.545Z,2026-08-18T12:45:12.651Z,desktop,desktop,474,true,21,half_day,,,,,false,,6a83e4d06f3873f3ef147c8b,2026-08-18T04:51:28.550Z,2026-08-18T12:45:12.655Z,[],0,false,,,2026-08-18T09:06:28.545Z,,
6a83e71c6f3873f3ef148c43,6a449eaf3e24124ff06a4a45,6a44a09b3e24124ff06a4bea,2026-08-18,2026-08-18T00:00:00Z,6a44a98f3e24124ff06a53e4,6a44a9ef3e24124ff06a5439,2026-08-18T04:51:00Z,2026-08-18T09:06:00Z,manual,system_auto,255,false,0,half_day,Auto checked-out -- forgot to check out (shift ended without a check-out).,6a50bc3f41a999f8777ce3ec,Yashraj Joshi,2026-08-18T12:03:05.581Z,false,,6a83e71c6f3873f3ef148c43,2026-08-18T05:01:16.324Z,2026-09-22T06:03:54.694Z,[],0,false,,,,,
6a84118f2a6faf1411c28b32,6a449eaf3e24124ff06a4a45,6a83e75e6f3873f3ef148d65,2026-08-18,2026-08-18T00:00:00Z,6a44a98f3e24124ff06a53e4,6a44a9ef3e24124ff06a5439,2026-08-18T08:02:23.765Z,2026-08-18T12:43:30.127Z,mobile,mobile,281,false,0,half_day,,,,,false,,6a84118f2a6faf1411c28b32,2026-08-18T08:02:23.788Z,2026-08-18T12:43:30.132Z,[],0,false,,,2026-08-18T12:17:23.765Z,,
6a852a8db0a0a0e33a035639,6a449eaf3e24124ff06a4a45,6a44abdc3e24124ff06a5641,2026-08-19,2026-08-19T00:00:00Z,6a44a98f3e24124ff06a53e4,6a44a9ef3e24124ff06a5439,2026-08-19T04:01:17.784Z,2026-08-19T12:37:31.424Z,mobile,mobile,516,false,0,present,,,,,false,,6a852a8db0a0a0e33a035639,2026-08-19T04:01:17.801Z,2026-08-19T12:37:31.430Z,[],0,false,,,,,
6a852b11b0a0a0e33a0356be,6a449eaf3e24124ff06a4a45,6a44ab783e24124ff06a557f,2026-08-19,2026-08-19T00:00:00Z,6a44a98f3e24124ff06a53e4,6a44a9ef3e24124ff06a5439,2026-08-19T04:03:29.651Z,2026-08-19T12:39:06.988Z,mobile,mobile,516,false,0,present,,,,,false,,6a852b11b0a0a0e33a0356be,2026-08-19T04:03:29.656Z,2026-08-19T12:39:06.993Z,[],0,false,,,,,
6a852dfdb0a0a0e33a035771,6a449eaf3e24124ff06a4a45,6a83e75e6f3873f3ef148d65,2026-08-19,2026-08-19T00:00:00Z,6a44a98f3e24124ff06a53e4,6a44a9ef3e24124ff06a5439,2026-08-19T04:15:57.758Z,2026-08-19T12:36:30.371Z,mobile,mobile,501,false,0,present,,,,,false,,6a852dfdb0a0a0e33a035771,2026-08-19T04:15:57.769Z,2026-08-19T12:36:30.388Z,"[""early_checkout""]",0,false,,,,,
6a852e89b0a0a0e33a03584a,6a449eaf3e24124ff06a4a45,6a44a09b3e24124ff06a4bea,2026-08-19,2026-08-19T00:00:00Z,6a44a98f3e24124ff06a53e4,6a44a9ef3e24124ff06a5439,2026-08-19T04:18:17.189Z,2026-08-19T12:33:04.188Z,mobile,mobile,495,false,0,half_day,,,,,false,,6a852e89b0a0a0e33a03584a,2026-08-19T04:18:17.205Z,2026-08-19T12:33:04.199Z,[],0,false,,,,,
6a85313ab0a0a0e33a03594f,6a449eaf3e24124ff06a4a45,6a756bf021962872dcd3066f,2026-08-19,2026-08-19T00:00:00Z,6a44a98f3e24124ff06a53e4,,2026-08-19T04:29:46.232Z,2026-08-19T12:31:46.616Z,desktop,desktop,482,false,0,half_day,,,,,false,,6a85313ab0a0a0e33a03594f,2026-08-19T04:29:46.240Z,2026-08-19T12:31:46.623Z,[],0,false,,,,,
6a8531e5b0a0a0e33a035baa,6a449eaf3e24124ff06a4a45,6a44a1d53e24124ff06a4cf5,2026-08-19,2026-08-19T00:00:00Z,6a44a98f3e24124ff06a53e4,6a44a9ef3e24124ff06a5439,2026-08-19T04:32:37.661Z,2026-08-19T12:33:00Z,mobile,manual,480,false,0,half_day,,6a50bc3f41a999f8777ce3ec,Yashraj Joshi,2026-08-19T18:01:43.552Z,false,,6a8531e5b0a0a0e33a035baa,2026-08-19T04:32:37.708Z,2026-08-19T18:01:43.553Z,[],0,false,,,,,
6a85a186e5c38eee648aab8c,6a449eaf3e24124ff06a4a45,6a83e75e6f3873f3ef148d65,2026-07-22,2026-07-22T00:00:00Z,6a44a98f3e24124ff06a53e4,6a44a9ef3e24124ff06a5439,2026-07-22T04:00:00Z,2026-07-22T12:30:00Z,manual,manual,510,false,0,present,Marked on time manually for Day Shift.,6a449eaf3e24124ff06a4a45,Signet AI,2026-08-19T12:28:54.283Z,false,,6a85a186e5c38eee648aab8c,2026-08-19T12:28:54.284Z,2026-08-19T12:28:54.284Z,[],0,false,,,,,
6a85a194e5c38eee648aabcd,6a449eaf3e24124ff06a4a45,6a83e75e6f3873f3ef148d65,2026-07-23,2026-07-23T00:00:00Z,6a44a98f3e24124ff06a53e4,6a44a9ef3e24124ff06a5439,2026-07-23T04:00:00Z,2026-07-23T12:30:00Z,manual,manual,510,false,0,present,Marked on time manually for Day Shift.,6a449eaf3e24124ff06a4a45,Signet AI,2026-08-19T12:29:08.518Z,false,,6a85a194e5c38eee648aabcd,2026-08-19T12:29:08.520Z,2026-08-19T12:29:08.520Z,[],0,false,,,,,
6a85a19de5c38eee648aac0d,6a449eaf3e24124ff06a4a45,6a83e75e6f3873f3ef148d65,2026-07-24,2026-07-24T00:00:00Z,6a44a98f3e24124ff06a53e4,6a44a9ef3e24124ff06a5439,2026-07-24T04:00:00Z,2026-07-24T12:30:00Z,manual,manual,510,false,0,present,Marked on time manually for Day Shift.,6a449eaf3e24124ff06a4a45,Signet AI,2026-08-19T12:29:17.403Z,false,,6a85a19de5c38eee648aac0d,2026-08-19T12:29:17.404Z,2026-08-19T12:29:17.404Z,[],0,false,,,,,
6a85a1a3e5c38eee648aac4d,6a449eaf3e24124ff06a4a45,6a83e75e6f3873f3ef148d65,2026-07-25,2026-07-25T00:00:00Z,6a44a98f3e24124ff06a53e4,6a44a9ef3e24124ff06a5439,2026-07-25T04:00:00Z,2026-07-25T12:30:00Z,manual,manual,510,false,0,present,Marked on time manually for Day Shift.,6a449eaf3e24124ff06a4a45,Signet AI,2026-08-19T12:29:23.366Z,false,,6a85a1a3e5c38eee648aac4d,2026-08-19T12:29:23.367Z,2026-08-19T12:29:23.367Z,[],0,false,,,,,
6a85a1abe5c38eee648aaca4,6a449eaf3e24124ff06a4a45,6a83e75e6f3873f3ef148d65,2026-07-27,2026-07-27T00:00:00Z,6a44a98f3e24124ff06a53e4,6a44a9ef3e24124ff06a5439,2026-07-27T04:00:00Z,2026-07-27T12:30:00Z,manual,manual,510,false,0,present,Marked on time manually for Day Shift.,6a449eaf3e24124ff06a4a45,Signet AI,2026-08-19T12:29:31.925Z,false,,6a85a1abe5c38eee648aaca4,2026-08-19T12:29:31.926Z,2026-08-19T12:29:31.926Z,[],0,false,,,,,
6a85a1b3e5c38eee648aace4,6a449eaf3e24124ff06a4a45,6a83e75e6f3873f3ef148d65,2026-07-28,2026-07-28T00:00:00Z,6a44a98f3e24124ff06a53e4,6a44a9ef3e24124ff06a5439,2026-07-28T04:00:00Z,2026-07-28T12:30:00Z,manual,manual,510,false,0,present,Marked on time manually for Day Shift.,6a449eaf3e24124ff06a4a45,Signet AI,2026-08-19T12:29:39.145Z,false,,6a85a1b3e5c38eee648aace4,2026-08-19T12:29:39.146Z,2026-08-19T12:29:39.146Z,[],0,false,,,,,
6a85a1bde5c38eee648aad24,6a449eaf3e24124ff06a4a45,6a83e75e6f3873f3ef148d65,2026-07-29,2026-07-29T00:00:00Z,6a44a98f3e24124ff06a53e4,6a44a9ef3e24124ff06a5439,2026-07-29T04:00:00Z,2026-07-29T12:30:00Z,manual,manual,510,false,0,present,Marked on time manually for Day Shift.,6a449eaf3e24124ff06a4a45,Signet AI,2026-08-19T12:29:49.625Z,false,,6a85a1bde5c38eee648aad24,2026-08-19T12:29:49.627Z,2026-08-19T12:29:49.627Z,[],0,false,,,,,
6a85a1c7e5c38eee648aad78,6a449eaf3e24124ff06a4a45,6a83e75e6f3873f3ef148d65,2026-07-30,2026-07-30T00:00:00Z,6a44a98f3e24124ff06a53e4,6a44a9ef3e24124ff06a5439,2026-07-30T04:00:00Z,2026-07-30T12:30:00Z,manual,manual,510,false,0,present,Marked on time manually for Day Shift.,6a449eaf3e24124ff06a4a45,Signet AI,2026-08-19T12:29:59.515Z,false,,6a85a1c7e5c38eee648aad78,2026-08-19T12:29:59.519Z,2026-08-19T12:29:59.519Z,[],0,false,,,,,
6a85a23ce5c38eee648aafb0,6a449eaf3e24124ff06a4a45,6a83e75e6f3873f3ef148d65,2026-07-31,2026-07-31T00:00:00Z,6a44a98f3e24124ff06a53e4,6a44a9ef3e24124ff06a5439,2026-07-31T04:00:00Z,2026-07-31T12:30:00Z,manual,manual,510,false,0,present,Marked on time manually for Day Shift.,6a449eaf3e24124ff06a4a45,Signet AI,2026-08-19T12:31:56.515Z,false,,6a85a23ce5c38eee648aafb0,2026-08-19T12:31:56.516Z,2026-08-19T12:31:56.516Z,[],0,false,,,,,
6a867c4ce5c38eee648ae334,6a449eaf3e24124ff06a4a45,6a83e75e6f3873f3ef148d65,2026-08-20,2026-08-20T00:00:00Z,6a44a98f3e24124ff06a53e4,6a44a9ef3e24124ff06a5439,2026-08-20T04:02:20.447Z,2026-08-20T12:32:41.812Z,mobile,mobile,510,false,0,present,,,,,false,,6a867c4ce5c38eee648ae334,2026-08-20T04:02:20.456Z,2026-08-20T12:32:41.819Z,[],0,false,,,,,
6a867d04e5c38eee648ae401,6a449eaf3e24124ff06a4a45,6a44abdc3e24124ff06a5641,2026-08-20,2026-08-20T00:00:00Z,6a44a98f3e24124ff06a53e4,6a44a9ef3e24124ff06a5439,2026-08-20T04:05:24.559Z,2026-08-20T12:56:05.722Z,mobile,mobile,531,false,0,present,,,,,false,,6a867d04e5c38eee648ae401,2026-08-20T04:05:24.570Z,2026-08-20T12:56:05.732Z,[],0,false,,,,,
6a867e32e5c38eee648ae494,6a449eaf3e24124ff06a4a45,6a44ab783e24124ff06a557f,2026-08-20,2026-08-20T00:00:00Z,6a44a98f3e24124ff06a53e4,6a44a9ef3e24124ff06a5439,2026-08-20T04:10:26.302Z,2026-08-20T13:02:32.792Z,mobile,mobile,532,false,0,present,,,,,false,,6a867e32e5c38eee648ae494,2026-08-20T04:10:26.308Z,2026-08-20T13:02:32.799Z,[],0,false,,,,,
6a8682a9e5c38eee648ae5b5,6a449eaf3e24124ff06a4a45,6a44a1d53e24124ff06a4cf5,2026-08-20,2026-08-20T00:00:00Z,6a44a98f3e24124ff06a53e4,6a44a9ef3e24124ff06a5439,2026-08-20T04:29:29.958Z,2026-08-20T13:00:05.837Z,mobile,mobile,510,false,0,present,,,,,false,,6a8682a9e5c38eee648ae5b5,2026-08-20T04:29:29.965Z,2026-08-20T13:00:05.848Z,[],0,false,,,,,
6a86859ae5c38eee648af120,6a449eaf3e24124ff06a4a45,6a44a09b3e24124ff06a4bea,2026-08-20,2026-08-20T00:00:00Z,6a44a98f3e24124ff06a53e4,6a44a9ef3e24124ff06a5439,2026-08-20T04:42:02.366Z,2026-08-20T13:21:07.201Z,mobile,mobile,519,true,12,half_day,,,,,false,,6a86859ae5c38eee648af120,2026-08-20T04:42:02.387Z,2026-08-20T13:21:07.215Z,[],0,false,,,2026-08-20T08:57:02.366Z,,
6a868687e5c38eee648af1d6,6a449eaf3e24124ff06a4a45,6a756bf021962872dcd3066f,2026-08-20,2026-08-20T00:00:00Z,6a44a98f3e24124ff06a53e4,,2026-08-20T04:45:59.004Z,2026-08-20T12:55:41.047Z,desktop,mobile,490,true,15,half_day,,,,,false,,6a868687e5c38eee648af1d6,2026-08-20T04:45:59.012Z,2026-08-20T12:55:41.056Z,[],0,false,,,2026-08-20T09:00:59.004Z,,
6a87cd90f34e24231675e99e,6a449eaf3e24124ff06a4a45,6a44abdc3e24124ff06a5641,2026-08-21,2026-08-21T00:00:00Z,6a44a98f3e24124ff06a53e4,6a44a9ef3e24124ff06a5439,2026-08-21T04:01:20.167Z,2026-08-21T10:51:32.511Z,mobile,mobile,410,false,0,half_day,,,,,false,,6a87cd90f34e24231675e99e,2026-08-21T04:01:20.187Z,2026-08-21T10:51:32.522Z,[],0,false,,,,,
6a87ce32f34e24231675eb26,6a449eaf3e24124ff06a4a45,6a44ab783e24124ff06a557f,2026-08-21,2026-08-21T00:00:00Z,6a44a98f3e24124ff06a53e4,6a44a9ef3e24124ff06a5439,2026-08-21T04:04:02.607Z,2026-08-21T12:59:45.353Z,mobile,mobile,536,false,0,present,,,,,false,,6a87ce32f34e24231675eb26,2026-08-21T04:04:02.623Z,2026-08-21T12:59:45.359Z,[],0,false,,,,,
6a87cfebf34e24231675ec39,6a449eaf3e24124ff06a4a45,6a83e75e6f3873f3ef148d65,2026-08-21,2026-08-21T00:00:00Z,6a44a98f3e24124ff06a53e4,6a44a9ef3e24124ff06a5439,2026-08-21T04:11:23.269Z,2026-08-21T12:59:30.366Z,mobile,mobile,528,false,0,present,,,,,false,,6a87cfebf34e24231675ec39,2026-08-21T04:11:23.275Z,2026-08-21T12:59:30.378Z,[],0,false,,,,,
6a87d43bf34e24231675eda5,6a449eaf3e24124ff06a4a45,6a44a1d53e24124ff06a4cf5,2026-08-21,2026-08-21T00:00:00Z,6a44a98f3e24124ff06a53e4,6a44a9ef3e24124ff06a5439,2026-08-21T04:29:47.750Z,2026-08-21T12:50:00Z,mobile,manual,500,false,0,half_day,,6a50bc3f41a999f8777ce3ec,Yashraj Joshi,2026-08-21T12:49:25.932Z,false,,6a87d43bf34e24231675eda5,2026-08-21T04:29:47.765Z,2026-08-21T12:49:25.933Z,[],0,false,,,,,
6a87d485f34e24231675eebe,6a449eaf3e24124ff06a4a45,6a756bf021962872dcd3066f,2026-08-21,2026-08-21T00:00:00Z,6a44a98f3e24124ff06a53e4,,2026-08-21T04:31:01.068Z,2026-08-21T17:10:06.047Z,desktop,desktop,759,true,1,half_day,,,,,false,,6a87d485f34e24231675eebe,2026-08-21T04:31:01.075Z,2026-08-21T17:10:06.062Z,[],0,false,,,2026-08-21T08:46:01.068Z,,
6a87e3a8f34e2423167643af,6a449eaf3e24124ff06a4a45,6a44a09b3e24124ff06a4bea,2026-08-21,2026-08-21T00:00:00Z,6a44a98f3e24124ff06a53e4,6a44a9ef3e24124ff06a5439,2026-08-21T05:35:36.964Z,2026-08-21T13:10:34.511Z,mobile,mobile,455,true,65,half_day,,,,,false,,6a87e3a8f34e2423167643af,2026-08-21T05:35:36.978Z,2026-08-21T13:10:34.516Z,[],0,false,,,2026-08-21T09:50:36.964Z,,
6a891fcb8fd45e7295052b19,6a449eaf3e24124ff06a4a45,6a44ab783e24124ff06a557f,2026-08-22,2026-08-22T00:00:00Z,6a44a98f3e24124ff06a53e4,6a44a9ef3e24124ff06a5439,2026-08-22T04:04:27.822Z,2026-08-22T12:37:45.505Z,mobile,mobile,513,false,0,present,,,,,false,,6a891fcb8fd45e7295052b19,2026-08-22T04:04:27.839Z,2026-08-22T12:37:45.509Z,[],0,false,,,,,
6a8921048fd45e7295052b55,6a449eaf3e24124ff06a4a45,6a83e75e6f3873f3ef148d65,2026-08-22,2026-08-22T00:00:00Z,6a44a98f3e24124ff06a53e4,6a44a9ef3e24124ff06a5439,2026-08-22T04:09:40.107Z,2026-08-22T12:32:11.668Z,mobile,mobile,503,false,0,present,,,,,false,,6a8921048fd45e7295052b55,2026-08-22T04:09:40.113Z,2026-08-22T12:32:11.695Z,"[""early_checkout""]",0,false,,,,,
6a8925988fd45e7295052cac,6a449eaf3e24124ff06a4a45,6a44a09b3e24124ff06a4bea,2026-08-22,2026-08-22T00:00:00Z,6a44a98f3e24124ff06a53e4,6a44a9ef3e24124ff06a5439,2026-08-22T04:29:12.111Z,2026-08-22T12:58:40.352Z,mobile,tablet,509,false,0,half_day,,,,,false,,6a8925988fd45e7295052cac,2026-08-22T04:29:12.119Z,2026-08-22T12:58:40.356Z,[],0,true,,,,,
6a89264f8fd45e7295052d33,6a449eaf3e24124ff06a4a45,6a756bf021962872dcd3066f,2026-08-22,2026-08-22T00:00:00Z,6a44a98f3e24124ff06a53e4,,2026-08-22T04:32:15.277Z,2026-08-22T08:47:15.277Z,desktop,system_auto,255,true,2,half_day,Auto checked-out -- forgot to check out (shift ended without a check-out).,,,,false,,6a89264f8fd45e7295052d33,2026-08-22T04:32:15.283Z,2026-09-22T06:03:54.715Z,[],0,false,,,2026-08-22T08:47:15.277Z,,
6a8927328fd45e7295053108,6a449eaf3e24124ff06a4a45,6a44abdc3e24124ff06a5641,2026-08-22,2026-08-22T00:00:00Z,6a44a98f3e24124ff06a53e4,6a44a9ef3e24124ff06a5439,2026-08-22T04:36:02.377Z,2026-08-22T12:34:40.878Z,mobile,mobile,479,false,6,half_day,,,,,false,,6a8927328fd45e7295053108,2026-08-22T04:36:02.400Z,2026-08-22T12:34:40.885Z,"[""late_check_in""]",0,false,,,,,
6a89277e8fd45e729505331d,6a449eaf3e24124ff06a4a45,6a44a1d53e24124ff06a4cf5,2026-08-22,2026-08-22T00:00:00Z,6a44a98f3e24124ff06a53e4,6a44a9ef3e24124ff06a5439,2026-08-22T04:37:18.881Z,2026-08-22T12:57:46.394Z,mobile,mobile,500,true,7,half_day,,,,,false,,6a89277e8fd45e729505331d,2026-08-22T04:37:18.887Z,2026-08-22T12:57:46.398Z,[],0,false,,,2026-08-22T08:52:18.881Z,,
6a8bc189674d57a4fc517bc7,6a449eaf3e24124ff06a4a45,6a44abdc3e24124ff06a5641,2026-08-24,2026-08-24T00:00:00Z,6a44a98f3e24124ff06a53e4,6a44a9ef3e24124ff06a5439,2026-08-24T03:59:05.071Z,2026-08-24T12:30:00Z,mobile,system_auto,511,false,0,present,Auto checked-out -- forgot to check out (shift ended without a check-out).,,,,false,,6a8bc189674d57a4fc517bc7,2026-08-24T03:59:05.084Z,2026-09-22T06:03:54.741Z,[],0,false,,,,,
6a8bc35c674d57a4fc517d41,6a449eaf3e24124ff06a4a45,6a83e75e6f3873f3ef148d65,2026-08-24,2026-08-24T00:00:00Z,6a44a98f3e24124ff06a53e4,6a44a9ef3e24124ff06a5439,2026-08-24T04:06:52.661Z,2026-08-24T12:31:28.475Z,mobile,mobile,505,false,0,half_day,,,,,false,,6a8bc35c674d57a4fc517d41,2026-08-24T04:06:52.667Z,2026-08-24T12:31:28.483Z,[],0,false,,,,,
6a8bc37b674d57a4fc517d7e,6a449eaf3e24124ff06a4a45,6a44ab783e24124ff06a557f,2026-08-24,2026-08-24T00:00:00Z,6a44a98f3e24124ff06a53e4,6a44a9ef3e24124ff06a5439,2026-08-24T04:07:23.417Z,2026-08-24T12:38:12.297Z,mobile,mobile,511,false,0,present,,,,,false,,6a8bc37b674d57a4fc517d7e,2026-08-24T04:07:23.432Z,2026-08-24T12:38:12.302Z,[],0,false,,,,,
6a8bc7b0674d57a4fc517e6f,6a449eaf3e24124ff06a4a45,6a44a1d53e24124ff06a4cf5,2026-08-24,2026-08-24T00:00:00Z,6a44a98f3e24124ff06a53e4,6a44a9ef3e24124ff06a5439,2026-08-24T04:25:20.833Z,2026-08-24T12:39:23.593Z,mobile,mobile,494,false,0,half_day,,,,,false,,6a8bc7b0674d57a4fc517e6f,2026-08-24T04:25:20.839Z,2026-08-24T12:39:23.598Z,[],0,false,,,,,
6a8bc7f7674d57a4fc517fd0,6a449eaf3e24124ff06a4a45,6a44a09b3e24124ff06a4bea,2026-08-24,2026-08-24T00:00:00Z,6a44a98f3e24124ff06a53e4,6a44a9ef3e24124ff06a5439,2026-08-24T04:26:31.471Z,2026-08-24T12:39:25.100Z,mobile,mobile,493,false,0,half_day,,,,,false,,6a8bc7f7674d57a4fc517fd0,2026-08-24T04:26:31.480Z,2026-08-24T12:39:25.105Z,[],0,false,,,,,
6a8d15d97b12de0aa5ed169d,6a449eaf3e24124ff06a4a45,6a44ab783e24124ff06a557f,2026-08-25,2026-08-25T00:00:00Z,6a44a98f3e24124ff06a53e4,6a44a9ef3e24124ff06a5439,2026-08-25T04:11:05.343Z,2026-08-25T12:43:13.276Z,mobile,mobile,512,false,0,present,,,,,false,,6a8d15d97b12de0aa5ed169d,2026-08-25T04:11:05.352Z,2026-08-25T12:43:13.280Z,[],0,false,,,,,
6a8d163a7b12de0aa5ed1739,6a449eaf3e24124ff06a4a45,6a44abdc3e24124ff06a5641,2026-08-25,2026-08-25T00:00:00Z,6a44a98f3e24124ff06a53e4,6a44a9ef3e24124ff06a5439,2026-08-25T04:12:42.138Z,2026-08-25T12:42:42.138Z,mobile,system_auto,510,false,0,present,Auto checked-out -- forgot to check out (shift ended without a check-out).,,,,false,,6a8d163a7b12de0aa5ed1739,2026-08-25T04:12:42.146Z,2026-09-22T06:03:54.747Z,[],0,false,,,,,
6a8d16b87b12de0aa5ed17e7,6a449eaf3e24124ff06a4a45,6a83e75e6f3873f3ef148d65,2026-08-25,2026-08-25T00:00:00Z,6a44a98f3e24124ff06a53e4,6a44a9ef3e24124ff06a5439,2026-08-25T04:14:48.935Z,2026-08-25T12:32:58.534Z,mobile,mobile,498,false,0,half_day,,,,,false,,6a8d16b87b12de0aa5ed17e7,2026-08-25T04:14:48.942Z,2026-08-25T12:32:58.541Z,[],0,false,,,,,
6a8d1d487b12de0aa5ed193f,6a449eaf3e24124ff06a4a45,6a44a1d53e24124ff06a4cf5,2026-08-25,2026-08-25T00:00:00Z,6a44a98f3e24124ff06a53e4,6a44a9ef3e24124ff06a5439,2026-08-25T04:42:48.077Z,2026-08-25T12:43:00Z,mobile,manual,480,false,0,half_day,,6a50bc3f41a999f8777ce3ec,Yashraj Joshi,2026-08-26T04:35:48.216Z,false,,6a8d1d487b12de0aa5ed193f,2026-08-25T04:42:48.084Z,2026-08-26T04:35:48.217Z,[],0,false,,,,,
6a8d27717b12de0aa5ed1bcc,6a449eaf3e24124ff06a4a45,6a756bf021962872dcd3066f,2026-08-25,2026-08-25T00:00:00Z,6a44a98f3e24124ff06a53e4,,2026-08-25T05:26:09.156Z,2026-08-25T09:41:09.156Z,desktop,system_auto,255,true,56,half_day,Auto checked-out -- forgot to check out (shift ended without a check-out).,,,,false,,6a8d27717b12de0aa5ed1bcc,2026-08-25T05:26:09.162Z,2026-09-22T06:03:54.753Z,[],0,false,,,2026-08-25T09:41:09.156Z,,
6a8d2cc17b12de0aa5ed2651,6a449eaf3e24124ff06a4a45,6a44a09b3e24124ff06a4bea,2026-08-25,2026-08-25T00:00:00Z,6a44a98f3e24124ff06a53e4,6a44a9ef3e24124ff06a5439,2026-08-25T04:15:00Z,2026-08-25T12:45:00Z,manual,system_auto,510,false,0,present,Auto checked-out -- forgot to check out (shift ended without a check-out).,6a50bc3f41a999f8777ce3ec,Yashraj Joshi,2026-08-25T05:48:49.705Z,false,,6a8d2cc17b12de0aa5ed2651,2026-08-25T05:48:49.707Z,2026-09-22T06:03:54.765Z,[],0,false,,,,,
6a8e660e7b12de0aa5ed47bb,6a449eaf3e24124ff06a4a45,6a83e75e6f3873f3ef148d65,2026-08-26,2026-08-26T00:00:00Z,6a44a98f3e24124ff06a53e4,6a44a9ef3e24124ff06a5439,2026-08-26T04:05:34.944Z,2026-08-26T12:30:31.434Z,mobile,mobile,505,false,0,half_day,,,,,false,,6a8e660e7b12de0aa5ed47bb,2026-08-26T04:05:34.954Z,2026-08-26T12:30:31.440Z,[],0,false,,,,,
6a8e67327b12de0aa5ed4847,6a449eaf3e24124ff06a4a45,6a44ab783e24124ff06a557f,2026-08-26,2026-08-26T00:00:00Z,6a44a98f3e24124ff06a53e4,6a44a9ef3e24124ff06a5439,2026-08-26T04:10:26.759Z,2026-08-26T12:43:55.248Z,mobile,mobile,513,false,0,present,,,,,false,,6a8e67327b12de0aa5ed4847,2026-08-26T04:10:26.764Z,2026-08-26T12:43:55.254Z,[],0,false,,,,,
6a8e6b7d7b12de0aa5ed48f2,6a449eaf3e24124ff06a4a45,6a44a1d53e24124ff06a4cf5,2026-08-26,2026-08-26T00:00:00Z,6a44a98f3e24124ff06a53e4,6a44a9ef3e24124ff06a5439,2026-08-26T04:28:45.386Z,2026-08-26T12:42:29.259Z,mobile,mobile,494,false,0,half_day,,,,,false,,6a8e6b7d7b12de0aa5ed48f2,2026-08-26T04:28:45.392Z,2026-08-26T12:42:29.266Z,[],0,false,,,,,
6a8e6d8e7b12de0aa5ed4bcd,6a449eaf3e24124ff06a4a45,6a756bf021962872dcd3066f,2026-08-26,2026-08-26T00:00:00Z,6a44a98f3e24124ff06a53e4,,2026-08-26T04:37:34.809Z,2026-08-26T08:52:34.809Z,desktop,system_auto,255,true,7,half_day,Auto checked-out -- forgot to check out (shift ended without a check-out).,,,,false,,6a8e6d8e7b12de0aa5ed4bcd,2026-08-26T04:37:34.814Z,2026-09-22T06:03:54.771Z,[],0,false,,,2026-08-26T08:52:34.809Z,,
6a8ec7967b12de0aa5ed6da1,6a449eaf3e24124ff06a4a45,6a44a09b3e24124ff06a4bea,2026-08-26,2026-08-26T00:00:00Z,6a44a98f3e24124ff06a53e4,6a44a9ef3e24124ff06a5439,2026-08-26T06:15:00Z,2026-08-26T11:02:44.237Z,manual,mobile,288,false,0,half_day,,6a50bc3f41a999f8777ce3ec,Yashraj Joshi,2026-08-26T11:01:46.809Z,false,,6a8ec7967b12de0aa5ed6da1,2026-08-26T11:01:42.839Z,2026-08-26T11:02:44.243Z,[],0,false,,,,,
6a8fb7507b12de0aa5ed7f2f,6a449eaf3e24124ff06a4a45,6a44ab783e24124ff06a557f,2026-08-27,2026-08-27T00:00:00Z,6a44a98f3e24124ff06a53e4,6a44a9ef3e24124ff06a5439,2026-08-27T04:04:32.242Z,2026-08-27T12:56:48.160Z,mobile,mobile,532,false,0,present,,,,,false,,6a8fb7507b12de0aa5ed7f2f,2026-08-27T04:04:32.253Z,2026-08-27T12:56:48.167Z,[],0,false,,,,,
6a8fb8657b12de0aa5ed809d,6a449eaf3e24124ff06a4a45,6a44abdc3e24124ff06a5641,2026-08-27,2026-08-27T00:00:00Z,6a44a98f3e24124ff06a53e4,6a44a9ef3e24124ff06a5439,2026-08-27T04:09:09.825Z,2026-08-27T12:33:15.164Z,mobile,mobile,504,false,0,half_day,,,,,false,,6a8fb8657b12de0aa5ed809d,2026-08-27T04:09:09.840Z,2026-08-27T12:33:15.172Z,[],0,false,,,,,
6a8fb86f7b12de0aa5ed80db,6a449eaf3e24124ff06a4a45,6a83e75e6f3873f3ef148d65,2026-08-27,2026-08-27T00:00:00Z,6a44a98f3e24124ff06a53e4,6a44a9ef3e24124ff06a5439,2026-08-27T04:09:19.638Z,2026-08-27T12:46:13.537Z,mobile,mobile,517,false,0,present,,,,,false,,6a8fb86f7b12de0aa5ed80db,2026-08-27T04:09:19.645Z,2026-08-27T12:46:13.543Z,[],0,false,,,,,
6a8fbea67b12de0aa5ed8201,6a449eaf3e24124ff06a4a45,6a756bf021962872dcd3066f,2026-08-27,2026-08-27T00:00:00Z,6a44a98f3e24124ff06a53e4,,2026-08-27T04:35:50.460Z,2026-08-27T12:30:00Z,desktop,manual,474,false,0,half_day,,6a50bc3f41a999f8777ce3ec,Yashraj Joshi,2026-08-31T09:02:11.217Z,false,,6a8fbea67b12de0aa5ed8201,2026-08-27T04:35:50.466Z,2026-08-31T09:02:11.219Z,[],0,false,,,,,
6a8fc0267b12de0aa5ed8662,6a449eaf3e24124ff06a4a45,6a44a1d53e24124ff06a4cf5,2026-08-27,2026-08-27T00:00:00Z,6a44a98f3e24124ff06a53e4,6a44a9ef3e24124ff06a5439,2026-08-27T04:42:14.409Z,2026-08-27T12:38:46.044Z,mobile,mobile,477,true,12,half_day,,,,,false,,6a8fc0267b12de0aa5ed8662,2026-08-27T04:42:14.415Z,2026-08-27T12:38:46.048Z,[],0,false,,,2026-08-27T08:57:14.409Z,,
6a925cf07b12de0aa5edf2a7,6a449eaf3e24124ff06a4a45,6a756bf021962872dcd3066f,2026-08-29,2026-08-29T00:00:00Z,6a44a98f3e24124ff06a53e4,,2026-08-29T04:15:44.257Z,2026-08-29T05:38:00.539Z,desktop,desktop,82,false,0,absent,,,,,false,,6a925cf07b12de0aa5edf2a7,2026-08-29T04:15:44.265Z,2026-08-29T05:38:00.545Z,[],0,false,,,,,
6a94fda27b12de0aa5ee0dcb,6a449eaf3e24124ff06a4a45,6a44ab783e24124ff06a557f,2026-08-31,2026-08-31T00:00:00Z,6a44a98f3e24124ff06a53e4,6a44a9ef3e24124ff06a5439,2026-08-31T04:05:54.189Z,2026-08-31T12:56:12.258Z,mobile,mobile,530,false,0,present,,,,,false,,6a94fda27b12de0aa5ee0dcb,2026-08-31T04:05:54.203Z,2026-08-31T12:56:12.269Z,[],0,false,,,,,
6a94ffb77b12de0aa5ee0e6a,6a449eaf3e24124ff06a4a45,6a44abdc3e24124ff06a5641,2026-08-31,2026-08-31T00:00:00Z,6a44a98f3e24124ff06a53e4,6a44a9ef3e24124ff06a5439,2026-08-31T04:14:47.184Z,2026-08-31T13:06:13.551Z,mobile,mobile,531,false,0,present,,,,,false,,6a94ffb77b12de0aa5ee0e6a,2026-08-31T04:14:47.193Z,2026-08-31T13:06:13.557Z,[],0,false,,,,,
6a9502437b12de0aa5ee0f79,6a449eaf3e24124ff06a4a45,6a756bf021962872dcd3066f,2026-08-31,2026-08-31T00:00:00Z,6a44a98f3e24124ff06a53e4,,2026-08-31T04:25:39.856Z,2026-08-31T12:55:39.856Z,desktop,system_auto,510,false,0,present,Auto checked-out -- forgot to check out (shift ended without a check-out).,,,,false,,6a9502437b12de0aa5ee0f79,2026-08-31T04:25:39.861Z,2026-09-22T06:03:54.796Z,[],0,false,,,,,
6a95056a7b12de0aa5ee130c,6a449eaf3e24124ff06a4a45,6a44a1d53e24124ff06a4cf5,2026-08-31,2026-08-31T00:00:00Z,6a44a98f3e24124ff06a53e4,6a44a9ef3e24124ff06a5439,2026-08-31T04:39:00Z,2026-08-31T12:54:00Z,manual,manual,495,false,0,half_day,,6a50bc3f41a999f8777ce3ec,Yashraj Joshi,2026-08-31T14:30:24.836Z,false,,6a95056a7b12de0aa5ee130c,2026-08-31T04:39:06.439Z,2026-08-31T14:30:24.836Z,[],0,false,,,,,
6a9542c87b12de0aa5ee31b7,6a449eaf3e24124ff06a4a45,6a44a09b3e24124ff06a4bea,2026-08-31,2026-08-31T00:00:00Z,6a44a98f3e24124ff06a53e4,6a44a9ef3e24124ff06a5439,2026-08-31T08:40:00Z,2026-08-31T12:57:00Z,manual,manual,257,false,0,half_day,,6a50bc3f41a999f8777ce3ec,Yashraj Joshi,2026-08-31T15:49:17.893Z,false,,6a9542c87b12de0aa5ee31b7,2026-08-31T09:00:56.708Z,2026-08-31T15:49:17.894Z,[],0,false,,,,,
6a964e17f2ecda897aacfaef,6a449eaf3e24124ff06a4a45,6a83e75e6f3873f3ef148d65,2026-09-01,2026-09-01T00:00:00Z,6a44a98f3e24124ff06a53e4,6a44a9ef3e24124ff06a5439,2026-09-01T04:01:27.080Z,2026-09-01T13:04:04.100Z,mobile,mobile,543,false,0,present,,,,,false,,6a964e17f2ecda897aacfaef,2026-09-01T04:01:27.090Z,2026-09-01T13:04:04.106Z,[],0,false,,,,,
6a964ee3f2ecda897aacfb9f,6a449eaf3e24124ff06a4a45,6a44ab783e24124ff06a557f,2026-09-01,2026-09-01T00:00:00Z,6a44a98f3e24124ff06a53e4,6a44a9ef3e24124ff06a5439,2026-09-01T04:04:51.291Z,2026-09-01T13:04:10.894Z,mobile,mobile,539,false,0,present,,,,,false,,6a964ee3f2ecda897aacfb9f,2026-09-01T04:04:51.299Z,2026-09-01T13:04:10.902Z,[],0,false,,,,,
6a96512bf2ecda897aacfc49,6a449eaf3e24124ff06a4a45,6a44abdc3e24124ff06a5641,2026-09-01,2026-09-01T00:00:00Z,6a44a98f3e24124ff06a53e4,6a44a9ef3e24124ff06a5439,2026-09-01T04:14:35.844Z,2026-09-01T13:00:00Z,mobile,manual,525,false,0,present,,6a50bc3f41a999f8777ce3ec,Yashraj Joshi,2026-09-02T04:38:25.780Z,false,,6a96512bf2ecda897aacfc49,2026-09-01T04:14:35.852Z,2026-09-02T04:38:25.781Z,[],0,false,,,,,
6a9654eaf2ecda897aacfd75,6a449eaf3e24124ff06a4a45,6a756bf021962872dcd3066f,2026-09-01,2026-09-01T00:00:00Z,6a44a98f3e24124ff06a53e4,,2026-09-01T04:30:34.785Z,2026-09-01T15:16:19.378Z,desktop,desktop,646,false,0,present,,,,,false,,6a9654eaf2ecda897aacfd75,2026-09-01T04:30:34.795Z,2026-09-01T15:16:19.387Z,[],0,false,,,,,
6a965517f2ecda897aacff8a,6a449eaf3e24124ff06a4a45,6a44a1d53e24124ff06a4cf5,2026-09-01,2026-09-01T00:00:00Z,6a44a98f3e24124ff06a53e4,6a44a9ef3e24124ff06a5439,2026-09-01T04:30:00Z,2026-09-01T13:02:10.638Z,manual,mobile,512,false,0,present,,6a50bc3f41a999f8777ce3ec,Yashraj Joshi,2026-09-01T13:01:51.530Z,false,,6a965517f2ecda897aacff8a,2026-09-01T04:31:19.856Z,2026-09-01T13:02:10.644Z,[],0,false,,,,,
6a96674ff2ecda897aad39ed,6a449eaf3e24124ff06a4a45,6a44a09b3e24124ff06a4bea,2026-09-01,2026-09-01T00:00:00Z,6a44a98f3e24124ff06a53e4,6a44a9ef3e24124ff06a5439,2026-09-01T05:49:03.336Z,2026-09-01T13:02:05.782Z,mobile,mobile,433,false,79,present,,,,,false,,6a96674ff2ecda897aad39ed,2026-09-01T05:49:03.349Z,2026-09-01T13:02:05.792Z,"[""late_check_in"",""early_checkout""]",0,false,,,,,
6a96bd1f38dd007ef126d162,6a449eaf3e24124ff06a4a45,6a967f42ac7a75116d63c8cf,2026-09-01,2026-09-01T00:00:00Z,6a44a98f3e24124ff06a53e4,,2026-09-01T11:55:11.528Z,2026-09-01T16:10:11.528Z,mobile,system_auto,255,false,0,half_day,Auto checked-out -- forgot to check out (shift ended without a check-out).,,,,false,,6a96bd1f38dd007ef126d162,2026-09-01T11:55:11.542Z,2026-09-22T06:03:54.806Z,[],0,false,,,2026-09-01T16:10:11.528Z,,
6a979f44e23d647a8b24a753,6a449eaf3e24124ff06a4a45,6a44abdc3e24124ff06a5641,2026-09-02,2026-09-02T00:00:00Z,6a44a98f3e24124ff06a53e4,6a44a9ef3e24124ff06a5439,2026-09-02T04:00:04.423Z,2026-09-02T12:37:06.168Z,mobile,mobile,517,false,0,present,,,,,false,,6a979f44e23d647a8b24a753,2026-09-02T04:00:04.457Z,2026-09-02T12:37:06.175Z,[],0,false,,,,,
6a97a27ce23d647a8b24a897,6a449eaf3e24124ff06a4a45,6a44ab783e24124ff06a557f,2026-09-02,2026-09-02T00:00:00Z,6a44a98f3e24124ff06a53e4,6a44a9ef3e24124ff06a5439,2026-09-02T04:13:48.617Z,2026-09-02T12:40:21.735Z,mobile,mobile,507,false,0,present,,,,,false,,6a97a27ce23d647a8b24a897,2026-09-02T04:13:48.623Z,2026-09-02T12:40:21.746Z,"[""early_checkout""]",0,false,,,,,
6a97a2dde23d647a8b24a946,6a449eaf3e24124ff06a4a45,6a83e75e6f3873f3ef148d65,2026-09-02,2026-09-02T00:00:00Z,6a44a98f3e24124ff06a53e4,6a44a9ef3e24124ff06a5439,2026-09-02T04:15:25.954Z,2026-09-02T12:32:21.421Z,desktop,desktop,497,false,0,present,,,,,false,,6a97a2dde23d647a8b24a946,2026-09-02T04:15:25.978Z,2026-09-02T12:32:21.434Z,"[""early_checkout""]",0,false,,,,,
6a97a5ebe23d647a8b24abf4,6a449eaf3e24124ff06a4a45,6a756bf021962872dcd3066f,2026-09-02,2026-09-02T00:00:00Z,6a44a98f3e24124ff06a53e4,,2026-09-02T04:28:27.141Z,2026-09-02T16:46:19.494Z,desktop,desktop,738,false,0,present,,,,,false,,6a97a5ebe23d647a8b24abf4,2026-09-02T04:28:27.147Z,2026-09-02T16:46:19.500Z,[],0,false,,,,,
6a97a7e1e23d647a8b24b23a,6a449eaf3e24124ff06a4a45,6a44a1d53e24124ff06a4cf5,2026-09-02,2026-09-02T00:00:00Z,6a44a98f3e24124ff06a53e4,6a44a9ef3e24124ff06a5439,2026-09-02T04:36:49.042Z,2026-09-02T12:37:29.881Z,mobile,mobile,481,false,6,present,,,,,false,,6a97a7e1e23d647a8b24b23a,2026-09-02T04:36:49.049Z,2026-09-02T12:37:29.891Z,"[""late_check_in"",""early_checkout""]",0,false,,,,,
6a98f1b5e23d647a8b2656a2,6a449eaf3e24124ff06a4a45,6a83e75e6f3873f3ef148d65,2026-09-03,2026-09-03T00:00:00Z,6a44a98f3e24124ff06a53e4,6a44a9ef3e24124ff06a5439,2026-09-03T04:04:05.622Z,2026-09-03T12:34:30.625Z,mobile,desktop,510,false,0,present,,,,,false,,6a98f1b5e23d647a8b2656a2,2026-09-03T04:04:05.630Z,2026-09-03T12:34:30.633Z,[],0,false,,,,,
6a98f21de23d647a8b26576d,6a449eaf3e24124ff06a4a45,6a44ab783e24124ff06a557f,2026-09-03,2026-09-03T00:00:00Z,6a44a98f3e24124ff06a53e4,6a44a9ef3e24124ff06a5439,2026-09-03T04:05:49.441Z,2026-09-03T12:32:04.284Z,mobile,mobile,506,false,0,present,,,,,false,,6a98f21de23d647a8b26576d,2026-09-03T04:05:49.451Z,2026-09-03T12:32:04.302Z,"[""early_checkout""]",0,false,,,,,
6a98f441e23d647a8b265818,6a449eaf3e24124ff06a4a45,6a44abdc3e24124ff06a5641,2026-09-03,2026-09-03T00:00:00Z,6a44a98f3e24124ff06a53e4,6a44a9ef3e24124ff06a5439,2026-09-03T04:14:57.165Z,2026-09-03T12:33:08.177Z,mobile,tablet,498,false,0,present,,,,,false,,6a98f441e23d647a8b265818,2026-09-03T04:14:57.173Z,2026-09-03T12:33:08.192Z,"[""early_checkout""]",0,true,,,,,
6a98f7d0e23d647a8b26592d,6a449eaf3e24124ff06a4a45,6a44a1d53e24124ff06a4cf5,2026-09-03,2026-09-03T00:00:00Z,6a44a98f3e24124ff06a53e4,6a44a9ef3e24124ff06a5439,2026-09-03T04:30:08.172Z,2026-09-03T12:56:00Z,mobile,manual,506,false,0,present,,6a44a1d53e24124ff06a4cf5,System Reconciliation,2026-09-04T05:59:04.837Z,false,,6a98f7d0e23d647a8b26592d,2026-09-03T04:30:08.182Z,2026-09-04T05:59:04.840Z,"[""early_checkout""]",0,false,Reopened via manual attendance edit,System Reconciliation,,6a44a1d53e24124ff06a4cf5,2026-09-04T05:59:04.837Z
6a98f966e23d647a8b265bb5,6a449eaf3e24124ff06a4a45,6a756bf021962872dcd3066f,2026-09-03,2026-09-03T00:00:00Z,6a44a98f3e24124ff06a53e4,,2026-09-03T04:36:54.363Z,2026-09-03T13:06:54.363Z,desktop,system_auto,510,false,6,present,Auto checked-out -- forgot to check out (shift ended without a check-out).,,,,false,,6a98f966e23d647a8b265bb5,2026-09-03T04:36:54.377Z,2026-09-22T06:03:54.821Z,"[""late_check_in""]",0,false,,,,,
6a98fa02e23d647a8b265f1a,6a449eaf3e24124ff06a4a45,6a44a09b3e24124ff06a4bea,2026-09-03,2026-09-03T00:00:00Z,6a44a98f3e24124ff06a53e4,6a44a9ef3e24124ff06a5439,2026-09-03T04:30:00Z,2026-09-03T13:11:03.351Z,manual,mobile,521,false,0,present,,6a50bc3f41a999f8777ce3ec,Yashraj Joshi,2026-09-05T07:07:12.031Z,false,,6a98fa02e23d647a8b265f1a,2026-09-03T04:39:30.594Z,2026-09-05T07:07:12.032Z,[],0,false,,,,,
6a9a42fa6ac4d9dfed07149c,6a449eaf3e24124ff06a4a45,6a83e75e6f3873f3ef148d65,2026-09-04,2026-09-04T00:00:00Z,6a44a98f3e24124ff06a53e4,6a44a9ef3e24124ff06a5439,2026-09-04T04:03:06.701Z,2026-09-04T12:41:06.848Z,mobile,mobile,518,false,0,present,,,,,false,,6a9a42fa6ac4d9dfed07149c,2026-09-04T04:03:06.715Z,2026-09-04T12:41:06.855Z,[],0,false,,,,,
6a9a434f6ac4d9dfed071546,6a449eaf3e24124ff06a4a45,6a44ab783e24124ff06a557f,2026-09-04,2026-09-04T00:00:00Z,6a44a98f3e24124ff06a53e4,6a44a9ef3e24124ff06a5439,2026-09-04T04:04:31.089Z,2026-09-04T12:35:31.264Z,mobile,mobile,511,false,0,present,,,,,false,,6a9a434f6ac4d9dfed071546,2026-09-04T04:04:31.095Z,2026-09-04T12:35:31.273Z,[],0,false,,,,,
6a9a454a6ac4d9dfed071630,6a449eaf3e24124ff06a4a45,6a44abdc3e24124ff06a5641,2026-09-04,2026-09-04T00:00:00Z,6a44a98f3e24124ff06a53e4,6a44a9ef3e24124ff06a5439,2026-09-04T04:12:58.256Z,2026-09-04T12:38:25.379Z,mobile,mobile,505,false,0,present,,,,,false,,6a9a454a6ac4d9dfed071630,2026-09-04T04:12:58.264Z,2026-09-04T12:38:25.395Z,"[""early_checkout""]",0,false,,,,,
6a9a4a2c6ac4d9dfed0718c6,6a449eaf3e24124ff06a4a45,6a44a1d53e24124ff06a4cf5,2026-09-04,2026-09-04T00:00:00Z,6a44a98f3e24124ff06a53e4,6a44a9ef3e24124ff06a5439,2026-09-04T04:33:48.278Z,2026-09-04T12:53:47.062Z,mobile,mobile,500,false,3,half_day,,,,,false,,6a9a4a2c6ac4d9dfed0718c6,2026-09-04T04:33:48.289Z,2026-09-04T12:53:47.073Z,"[""late_check_in""]",0,false,,,,,
6a9a4bac6ac4d9dfed071b01,6a449eaf3e24124ff06a4a45,6a756bf021962872dcd3066f,2026-09-04,2026-09-04T00:00:00Z,6a44a98f3e24124ff06a53e4,,2026-09-04T04:40:12.515Z,2026-09-04T13:10:12.515Z,desktop,system_auto,510,false,10,present,Auto checked-out -- forgot to check out (shift ended without a check-out).,,,,false,,6a9a4bac6ac4d9dfed071b01,2026-09-04T04:40:12.524Z,2026-09-22T06:03:54.829Z,"[""late_check_in""]",0,false,,,,,
6a9a51e46ac4d9dfed071f63,6a449eaf3e24124ff06a4a45,6a44a09b3e24124ff06a4bea,2026-09-04,2026-09-04T00:00:00Z,6a44a98f3e24124ff06a53e4,6a44a9ef3e24124ff06a5439,2026-09-04T04:30:00Z,2026-09-04T13:10:00Z,manual,manual,520,false,0,present,,6a50bc3f41a999f8777ce3ec,Yashraj Joshi,2026-09-04T18:23:25.550Z,false,,6a9a51e46ac4d9dfed071f63,2026-09-04T05:06:44.788Z,2026-09-04T18:23:25.554Z,[],0,false,,,,,
6a9b9451747e9a82720f4cec,6a449eaf3e24124ff06a4a45,6a83e75e6f3873f3ef148d65,2026-09-05,2026-09-05T00:00:00Z,6a44a98f3e24124ff06a53e4,6a44a9ef3e24124ff06a5439,2026-09-05T04:02:25.520Z,2026-09-05T12:32:22.389Z,mobile,desktop,510,false,0,present,,,,,false,,6a9b9451747e9a82720f4cec,2026-09-05T04:02:25.529Z,2026-09-05T12:32:22.414Z,"[""early_checkout""]",0,false,,,,,
6a9b94a7747e9a82720f4d9f,6a449eaf3e24124ff06a4a45,6a44ab783e24124ff06a557f,2026-09-05,2026-09-05T00:00:00Z,6a44a98f3e24124ff06a53e4,6a44a9ef3e24124ff06a5439,2026-09-05T04:03:51.010Z,2026-09-05T12:36:29.350Z,mobile,mobile,513,false,0,present,,,,,false,,6a9b94a7747e9a82720f4d9f,2026-09-05T04:03:51.016Z,2026-09-05T12:36:29.358Z,[],0,false,,,,,
6a9b95d3747e9a82720f4e61,6a449eaf3e24124ff06a4a45,6a44abdc3e24124ff06a5641,2026-09-05,2026-09-05T00:00:00Z,6a44a98f3e24124ff06a53e4,6a44a9ef3e24124ff06a5439,2026-09-05T04:08:51.546Z,2026-09-05T12:39:19.637Z,mobile,mobile,510,false,0,present,,,,,false,,6a9b95d3747e9a82720f4e61,2026-09-05T04:08:51.554Z,2026-09-05T12:39:19.642Z,[],0,false,,,,,
6a9b9a0b747e9a82720f4fc7,6a449eaf3e24124ff06a4a45,6a44a1d53e24124ff06a4cf5,2026-09-05,2026-09-05T00:00:00Z,6a44a98f3e24124ff06a53e4,6a44a9ef3e24124ff06a5439,2026-09-05T04:26:51.797Z,2026-09-05T12:58:50.599Z,mobile,mobile,512,false,0,present,,,,,false,,6a9b9a0b747e9a82720f4fc7,2026-09-05T04:26:51.803Z,2026-09-05T12:58:50.606Z,[],0,false,,,,,
6a9bbf7f747e9a82720f563f,6a449eaf3e24124ff06a4a45,6a44a09b3e24124ff06a4bea,2026-09-05,2026-09-05T00:00:00Z,6a44a98f3e24124ff06a53e4,6a44a9ef3e24124ff06a5439,2026-09-05T06:00:00Z,2026-09-05T12:45:00Z,manual,manual,405,false,90,half_day,,6a449eaf3e24124ff06a4a45,Signet AI,2026-09-18T10:30:33.512Z,false,,6a9bbf7f747e9a82720f563f,2026-09-05T07:06:39.175Z,2026-09-18T10:30:33.513Z,"[""late_check_in""]",0,false,,,,,
6a9e3803747e9a82720f908a,6a449eaf3e24124ff06a4a45,6a83e75e6f3873f3ef148d65,2026-09-07,2026-09-07T00:00:00Z,6a44a98f3e24124ff06a53e4,6a44a9ef3e24124ff06a5439,2026-09-07T04:05:23.806Z,2026-09-07T12:38:53.792Z,mobile,desktop,513,false,0,present,,,,,false,,6a9e3803747e9a82720f908a,2026-09-07T04:05:23.818Z,2026-09-07T12:38:53.802Z,[],0,false,,,,,
6a9e3e5b747e9a82720f9410,6a449eaf3e24124ff06a4a45,6a44a1d53e24124ff06a4cf5,2026-09-07,2026-09-07T00:00:00Z,6a44a98f3e24124ff06a53e4,6a44a9ef3e24124ff06a5439,2026-09-07T04:32:27.243Z,2026-09-07T12:43:50.439Z,mobile,mobile,491,true,2,half_day,,,,,false,,6a9e3e5b747e9a82720f9410,2026-09-07T04:32:27.256Z,2026-09-07T12:43:50.449Z,[],0,false,,,2026-09-07T08:47:27.243Z,,
6a9e4002747e9a82720f97ea,6a449eaf3e24124ff06a4a45,6a756bf021962872dcd3066f,2026-09-07,2026-09-07T00:00:00Z,6a44a98f3e24124ff06a53e4,,2026-09-07T04:39:30.847Z,2026-09-07T08:54:30.847Z,desktop,system_auto,255,true,9,half_day,Auto checked-out -- forgot to check out (shift ended without a check-out).,,,,false,,6a9e4002747e9a82720f97ea,2026-09-07T04:39:30.860Z,2026-09-22T06:03:54.837Z,[],0,false,,,2026-09-07T08:54:30.847Z,,
6a9e413f747e9a82720f9aba,6a449eaf3e24124ff06a4a45,6a44a09b3e24124ff06a4bea,2026-09-07,2026-09-07T00:00:00Z,6a44a98f3e24124ff06a53e4,6a44a9ef3e24124ff06a5439,2026-09-07T04:30:00Z,2026-09-07T12:39:22.407Z,manual,mobile,489,false,0,present,,6a50bc3f41a999f8777ce3ec,Yashraj Joshi,2026-09-07T04:44:47.205Z,false,,6a9e413f747e9a82720f9aba,2026-09-07T04:44:47.206Z,2026-09-07T12:39:22.419Z,"[""early_checkout""]",0,false,,,,,
6a9e9520747e9a82720fd0e7,6a449eaf3e24124ff06a4a45,6a9e5ac0747e9a82720fadb0,2026-09-07,2026-09-07T00:00:00Z,6a44a98f3e24124ff06a53e4,6a44a9ef3e24124ff06a5439,2026-09-07T10:42:40.296Z,2026-09-07T12:40:33.571Z,mobile,mobile,118,false,0,absent,,,,,false,,6a9e9520747e9a82720fd0e7,2026-09-07T10:42:40.302Z,2026-09-07T12:40:33.583Z,[],0,false,,,2026-09-07T14:57:40.296Z,,
6a9e988d747e9a82720fd9a5,6a449eaf3e24124ff06a4a45,6a9e9607747e9a82720fd775,2026-09-07,2026-09-07T00:00:00Z,6a44a98f3e24124ff06a53e4,6a44a9ef3e24124ff06a5439,2026-09-07T10:57:17.855Z,2026-09-07T12:39:29.606Z,mobile,mobile,102,false,0,absent,,,,,false,,6a9e988d747e9a82720fd9a5,2026-09-07T10:57:17.862Z,2026-09-07T12:39:29.613Z,[],0,false,,,2026-09-07T15:12:17.855Z,,
6a9f8998e022c457e91760d7,6a449eaf3e24124ff06a4a45,6a9e9607747e9a82720fd775,2026-09-08,2026-09-08T00:00:00Z,6a44a98f3e24124ff06a53e4,6a44a9ef3e24124ff06a5439,2026-09-08T04:05:44.201Z,2026-09-08T12:44:41.190Z,mobile,mobile,519,false,0,present,,,,,false,,6a9f8998e022c457e91760d7,2026-09-08T04:05:44.216Z,2026-09-08T12:44:41.200Z,[],0,false,,,,,
6a9f89f4e022c457e917620f,6a449eaf3e24124ff06a4a45,6a44ab783e24124ff06a557f,2026-09-08,2026-09-08T00:00:00Z,6a44a98f3e24124ff06a53e4,6a44a9ef3e24124ff06a5439,2026-09-08T04:07:16.110Z,2026-09-08T13:06:17.239Z,mobile,mobile,539,false,0,present,,,,,false,,6a9f89f4e022c457e917620f,2026-09-08T04:07:16.115Z,2026-09-08T13:06:17.248Z,[],0,false,,,,,
6a9f8c91e022c457e9176314,6a449eaf3e24124ff06a4a45,6a83e75e6f3873f3ef148d65,2026-09-08,2026-09-08T00:00:00Z,6a44a98f3e24124ff06a53e4,6a44a9ef3e24124ff06a5439,2026-09-08T04:18:25.190Z,2026-09-08T12:52:21.916Z,mobile,desktop,514,false,0,present,,,,,false,,6a9f8c91e022c457e9176314,2026-09-08T04:18:25.197Z,2026-09-08T12:52:21.922Z,[],0,false,,,,,
6a9f8f3be022c457e9176514,6a449eaf3e24124ff06a4a45,6a44a1d53e24124ff06a4cf5,2026-09-08,2026-09-08T00:00:00Z,6a44a98f3e24124ff06a53e4,6a44a9ef3e24124ff06a5439,2026-09-08T04:29:47.616Z,2026-09-08T12:54:05.596Z,mobile,mobile,504,false,0,half_day,,,,,false,,6a9f8f3be022c457e9176514,2026-09-08T04:29:47.623Z,2026-09-08T12:54:05.604Z,[],0,false,,,,,
6a9f945ee022c457e9176c6c,6a449eaf3e24124ff06a4a45,6a756bf021962872dcd3066f,2026-09-08,2026-09-08T00:00:00Z,6a44a98f3e24124ff06a53e4,,2026-09-08T04:51:42.408Z,2026-09-08T09:06:42.408Z,desktop,system_auto,255,true,21,half_day,Auto checked-out -- forgot to check out (shift ended without a check-out).,,,,false,,6a9f945ee022c457e9176c6c,2026-09-08T04:51:42.417Z,2026-09-22T06:03:54.862Z,[],0,false,,,2026-09-08T09:06:42.408Z,,
6a9f985ce022c457e91775c0,6a449eaf3e24124ff06a4a45,6a44abdc3e24124ff06a5641,2026-09-08,2026-09-08T00:00:00Z,6a44a98f3e24124ff06a53e4,6a44a9ef3e24124ff06a5439,2026-09-08T04:40:00Z,2026-09-08T13:03:33.426Z,manual,mobile,504,false,10,half_day,,6a50bc3f41a999f8777ce3ec,Yashraj Joshi,2026-09-08T05:08:44.622Z,false,,6a9f985ce022c457e91775c0,2026-09-08T05:08:44.624Z,2026-09-08T13:03:33.436Z,"[""late_check_in""]",0,false,,,,,
6a9f98cce022c457e91779c4,6a449eaf3e24124ff06a4a45,6a9e5ac0747e9a82720fadb0,2026-09-08,2026-09-08T00:00:00Z,6a44a98f3e24124ff06a53e4,6a44a9ef3e24124ff06a5439,2026-09-08T05:10:36.762Z,2026-09-08T12:45:45.532Z,mobile,mobile,455,false,40,present,,,,,false,,6a9f98cce022c457e91779c4,2026-09-08T05:10:36.771Z,2026-09-08T12:45:45.542Z,"[""late_check_in"",""early_checkout""]",0,false,,,,,
6a9fa8c6e022c457e91791be,6a449eaf3e24124ff06a4a45,6a44a09b3e24124ff06a4bea,2026-09-08,2026-09-08T00:00:00Z,6a44a98f3e24124ff06a53e4,6a44a9ef3e24124ff06a5439,2026-09-08T05:30:00Z,2026-09-08T12:55:53.151Z,manual,mobile,446,true,60,half_day,,6a44a09b3e24124ff06a4bea,System Reconciliation (lifeline usage-check fix),2026-09-18T06:22:31.438Z,false,,6a9fa8c6e022c457e91791be,2026-09-08T06:18:46.554Z,2026-09-18T06:22:31.440Z,[],0,false,,,,,
6aa0da93e022c457e917f7d8,6a449eaf3e24124ff06a4a45,6a83e75e6f3873f3ef148d65,2026-09-09,2026-09-09T00:00:00Z,6a44a98f3e24124ff06a53e4,6a44a9ef3e24124ff06a5439,2026-09-09T04:03:31.349Z,2026-09-09T12:35:07.854Z,mobile,desktop,512,false,0,present,,,,,false,,6aa0da93e022c457e917f7d8,2026-09-09T04:03:31.360Z,2026-09-09T12:35:07.861Z,[],0,false,,,,,
6aa0dafae022c457e917f951,6a449eaf3e24124ff06a4a45,6a9e9607747e9a82720fd775,2026-09-09,2026-09-09T00:00:00Z,6a44a98f3e24124ff06a53e4,6a44a9ef3e24124ff06a5439,2026-09-09T04:05:13.998Z,2026-09-09T12:36:02.587Z,mobile,mobile,511,false,0,present,,,,,false,,6aa0dafae022c457e917f951,2026-09-09T04:05:14.007Z,2026-09-09T12:36:02.608Z,[],0,false,,,,,
6aa0dbdbe022c457e917fa14,6a449eaf3e24124ff06a4a45,6a44ab783e24124ff06a557f,2026-09-09,2026-09-09T00:00:00Z,6a44a98f3e24124ff06a53e4,6a44a9ef3e24124ff06a5439,2026-09-09T04:08:59.293Z,2026-09-09T12:53:13.454Z,mobile,mobile,524,false,0,present,,,,,false,,6aa0dbdbe022c457e917fa14,2026-09-09T04:08:59.300Z,2026-09-09T12:53:13.464Z,[],0,false,,,,,
6aa0e270e022c457e917fc34,6a449eaf3e24124ff06a4a45,6a9e5ac0747e9a82720fadb0,2026-09-09,2026-09-09T00:00:00Z,6a44a98f3e24124ff06a53e4,6a44a9ef3e24124ff06a5439,2026-09-09T04:37:04.159Z,2026-09-09T12:52:01.657Z,mobile,mobile,495,false,7,present,,,,,false,,6aa0e270e022c457e917fc34,2026-09-09T04:37:04.184Z,2026-09-09T12:52:01.678Z,"[""late_check_in"",""early_checkout""]",0,false,,,,,
6aa0ee4de022c457e91801dc,6a449eaf3e24124ff06a4a45,6a756bf021962872dcd3066f,2026-09-09,2026-09-09T00:00:00Z,6a44a98f3e24124ff06a53e4,,2026-09-09T05:27:41.078Z,2026-09-09T12:50:19.134Z,desktop,desktop,443,true,57,half_day,,,,,false,,6aa0ee4de022c457e91801dc,2026-09-09T05:27:41.086Z,2026-09-09T12:50:19.146Z,[],0,false,,,2026-09-09T09:42:41.078Z,,
6aa10fc1e022c457e9181249,6a449eaf3e24124ff06a4a45,6a44a09b3e24124ff06a4bea,2026-09-09,2026-09-09T00:00:00Z,6a44a98f3e24124ff06a53e4,6a44a9ef3e24124ff06a5439,2026-09-09T07:30:00Z,2026-09-09T12:40:00Z,manual,manual,310,false,0,half_day,,6a449eaf3e24124ff06a4a45,Signet AI,2026-09-18T10:29:26.268Z,false,,6aa10fc1e022c457e9181249,2026-09-09T07:50:25.459Z,2026-09-18T10:29:26.269Z,[],0,false,,,2026-09-09T11:45:00Z,,
6aa22ba1e022c457e9184258,6a449eaf3e24124ff06a4a45,6a44ab783e24124ff06a557f,2026-09-10,2026-09-10T00:00:00Z,6a44a98f3e24124ff06a53e4,6a44a9ef3e24124ff06a5439,2026-09-10T04:01:37.610Z,2026-09-10T12:39:52.481Z,mobile,mobile,518,false,0,present,,,,,false,,6aa22ba1e022c457e9184258,2026-09-10T04:01:37.620Z,2026-09-10T12:39:52.494Z,[],0,false,,,,,
6aa22c70e022c457e9184344,6a449eaf3e24124ff06a4a45,6a44abdc3e24124ff06a5641,2026-09-10,2026-09-10T00:00:00Z,6a44a98f3e24124ff06a53e4,6a44a9ef3e24124ff06a5439,2026-09-10T04:05:04.499Z,2026-09-10T13:01:02.080Z,mobile,mobile,536,false,0,present,,,,,false,,6aa22c70e022c457e9184344,2026-09-10T04:05:04.526Z,2026-09-10T13:01:02.113Z,[],0,false,,,,,
6aa22cc3e022c457e9184443,6a449eaf3e24124ff06a4a45,6a9e9607747e9a82720fd775,2026-09-10,2026-09-10T00:00:00Z,6a44a98f3e24124ff06a53e4,6a44a9ef3e24124ff06a5439,2026-09-10T04:06:27.573Z,2026-09-10T12:42:30.843Z,mobile,mobile,516,false,0,present,,,,,false,,6aa22cc3e022c457e9184443,2026-09-10T04:06:27.580Z,2026-09-10T12:42:30.850Z,[],0,false,,,,,
6aa22d43e022c457e918456e,6a449eaf3e24124ff06a4a45,6a83e75e6f3873f3ef148d65,2026-09-10,2026-09-10T00:00:00Z,6a44a98f3e24124ff06a53e4,6a44a9ef3e24124ff06a5439,2026-09-10T04:08:35.687Z,2026-09-10T12:44:20.903Z,mobile,desktop,516,false,0,present,,,,,false,,6aa22d43e022c457e918456e,2026-09-10T04:08:35.694Z,2026-09-10T12:44:20.909Z,[],0,false,,,,,
6aa23137e022c457e9184662,6a449eaf3e24124ff06a4a45,6a756bf021962872dcd3066f,2026-09-10,2026-09-10T00:00:00Z,6a44a98f3e24124ff06a53e4,,2026-09-10T04:25:27.872Z,2026-09-10T12:55:27.872Z,desktop,system_auto,510,false,0,present,Auto checked-out -- forgot to check out (shift ended without a check-out).,,,,false,,6aa23137e022c457e9184662,2026-09-10T04:25:27.883Z,2026-09-22T06:03:54.886Z,[],0,false,,,,,
6aa2317ee022c457e9184903,6a449eaf3e24124ff06a4a45,6a9e5ac0747e9a82720fadb0,2026-09-10,2026-09-10T00:00:00Z,6a44a98f3e24124ff06a53e4,6a44a9ef3e24124ff06a5439,2026-09-10T04:26:38.680Z,2026-09-10T12:56:38.680Z,mobile,system_auto,510,false,0,present,Auto checked-out -- forgot to check out (shift ended without a check-out).,,,,false,,6aa2317ee022c457e9184903,2026-09-10T04:26:38.687Z,2026-09-22T06:03:54.897Z,[],0,false,,,,,
6aa23a47e022c457e918504d,6a449eaf3e24124ff06a4a45,6a44a1d53e24124ff06a4cf5,2026-09-10,2026-09-10T00:00:00Z,6a44a98f3e24124ff06a53e4,6a44a9ef3e24124ff06a5439,2026-09-10T04:30:00Z,2026-09-10T12:42:46.253Z,manual,mobile,493,false,0,half_day,,6a50bc3f41a999f8777ce3ec,Yashraj Joshi,2026-09-10T05:04:07.745Z,false,,6aa23a47e022c457e918504d,2026-09-10T05:04:07.746Z,2026-09-10T12:42:46.262Z,[],0,false,,,,,
6aa23a89e022c457e91853d3,6a449eaf3e24124ff06a4a45,6a44a09b3e24124ff06a4bea,2026-09-10,2026-09-10T00:00:00Z,6a44a98f3e24124ff06a53e4,6a44a9ef3e24124ff06a5439,2026-09-10T04:25:00Z,2026-09-10T12:45:00Z,manual,manual,500,false,0,half_day,,6a449eaf3e24124ff06a4a45,Signet AI,2026-09-18T10:29:13.485Z,false,,6aa23a89e022c457e91853d3,2026-09-10T05:05:13.706Z,2026-09-18T10:29:13.486Z,[],0,false,,,,,
6aa37bfce022c457e918a92c,6a449eaf3e24124ff06a4a45,6a83e75e6f3873f3ef148d65,2026-09-11,2026-09-11T00:00:00Z,6a44a98f3e24124ff06a53e4,6a44a9ef3e24124ff06a5439,2026-09-11T03:56:44.779Z,2026-09-11T12:34:40.623Z,mobile,desktop,518,false,0,present,,,,,false,,6aa37bfce022c457e918a92c,2026-09-11T03:56:44.793Z,2026-09-11T12:34:40.632Z,[],0,false,,,,,
6aa37d1ae022c457e918aaa1,6a449eaf3e24124ff06a4a45,6a44ab783e24124ff06a557f,2026-09-11,2026-09-11T00:00:00Z,6a44a98f3e24124ff06a53e4,6a44a9ef3e24124ff06a5439,2026-09-11T04:01:30.579Z,2026-09-11T12:34:37.324Z,mobile,mobile,513,false,0,present,,,,,false,,6aa37d1ae022c457e918aaa1,2026-09-11T04:01:30.610Z,2026-09-11T12:34:37.334Z,[],0,false,,,,,
6aa37ecce022c457e918ab25,6a449eaf3e24124ff06a4a45,6a44abdc3e24124ff06a5641,2026-09-11,2026-09-11T00:00:00Z,6a44a98f3e24124ff06a53e4,6a44a9ef3e24124ff06a5439,2026-09-11T04:08:44.449Z,2026-09-11T12:38:58.435Z,mobile,mobile,510,false,0,present,,,,,false,,6aa37ecce022c457e918ab25,2026-09-11T04:08:44.467Z,2026-09-11T12:38:58.442Z,[],0,false,,,,,
6aa37fc3e022c457e918ad23,6a449eaf3e24124ff06a4a45,6a9e9607747e9a82720fd775,2026-09-11,2026-09-11T00:00:00Z,6a44a98f3e24124ff06a53e4,6a44a9ef3e24124ff06a5439,2026-09-11T04:12:51.947Z,2026-09-11T12:45:01.379Z,mobile,mobile,512,false,0,present,,,,,false,,6aa37fc3e022c457e918ad23,2026-09-11T04:12:51.953Z,2026-09-11T12:45:01.395Z,[],0,false,,,,,
6aa380b0e022c457e918afbf,6a449eaf3e24124ff06a4a45,6a44a1d53e24124ff06a4cf5,2026-09-11,2026-09-11T00:00:00Z,6a44a98f3e24124ff06a53e4,6a44a9ef3e24124ff06a5439,2026-09-11T04:16:48.723Z,2026-09-11T12:38:11.506Z,mobile,mobile,501,false,0,half_day,,,,,false,,6aa380b0e022c457e918afbf,2026-09-11T04:16:48.735Z,2026-09-11T12:38:11.529Z,[],0,false,,,,,
6aa3c93ce022c457e918b8d5,6a449eaf3e24124ff06a4a45,6a44a09b3e24124ff06a4bea,2026-09-11,2026-09-11T00:00:00Z,6a44a98f3e24124ff06a53e4,6a44a9ef3e24124ff06a5439,2026-09-11T08:30:00Z,2026-09-11T12:30:00Z,manual,manual,240,false,0,absent,,6a449eaf3e24124ff06a4a45,Signet AI,2026-09-18T10:28:57.076Z,false,,6aa3c93ce022c457e918b8d5,2026-09-11T09:26:20.171Z,2026-09-18T10:28:57.082Z,[],0,false,,,,,
6aa4cd05e022c457e918d910,6a449eaf3e24124ff06a4a45,6a83e75e6f3873f3ef148d65,2026-09-12,2026-09-12T00:00:00Z,6a44a98f3e24124ff06a53e4,6a44a9ef3e24124ff06a5439,2026-09-12T03:54:45.270Z,2026-09-12T12:31:35.620Z,mobile,desktop,517,false,0,present,,,,,false,,6aa4cd05e022c457e918d910,2026-09-12T03:54:45.284Z,2026-09-12T12:31:35.644Z,[],0,false,,,,,
6aa4cd8be022c457e918d9be,6a449eaf3e24124ff06a4a45,6a44ab783e24124ff06a557f,2026-09-12,2026-09-12T00:00:00Z,6a44a98f3e24124ff06a53e4,6a44a9ef3e24124ff06a5439,2026-09-12T03:56:59.512Z,2026-09-12T12:34:54.280Z,mobile,mobile,518,false,0,present,,,,,false,,6aa4cd8be022c457e918d9be,2026-09-12T03:56:59.518Z,2026-09-12T12:34:54.289Z,[],0,false,,,,,
6aa4cddfe022c457e918da71,6a449eaf3e24124ff06a4a45,6a44abdc3e24124ff06a5641,2026-09-12,2026-09-12T00:00:00Z,6a44a98f3e24124ff06a53e4,6a44a9ef3e24124ff06a5439,2026-09-12T03:58:23.397Z,2026-09-12T12:34:40.788Z,mobile,mobile,516,false,0,present,,,,,false,,6aa4cddfe022c457e918da71,2026-09-12T03:58:23.402Z,2026-09-12T12:34:40.794Z,[],0,false,,,,,
6aa4d0a6e022c457e918db4c,6a449eaf3e24124ff06a4a45,6a9e9607747e9a82720fd775,2026-09-12,2026-09-12T00:00:00Z,6a44a98f3e24124ff06a53e4,6a44a9ef3e24124ff06a5439,2026-09-12T04:10:14.116Z,2026-09-12T12:41:37.472Z,mobile,mobile,511,false,0,present,,,,,false,,6aa4d0a6e022c457e918db4c,2026-09-12T04:10:14.121Z,2026-09-12T12:41:37.479Z,[],0,false,,,,,
6aa4d46ee022c457e918dd56,6a449eaf3e24124ff06a4a45,6a44a1d53e24124ff06a4cf5,2026-09-12,2026-09-12T00:00:00Z,6a44a98f3e24124ff06a53e4,6a44a9ef3e24124ff06a5439,2026-09-12T04:26:22.886Z,2026-09-12T12:56:50.505Z,mobile,mobile,510,false,0,present,,,,,false,,6aa4d46ee022c457e918dd56,2026-09-12T04:26:22.892Z,2026-09-12T12:56:50.513Z,[],0,false,,,,,
6aa4ec49e022c457e918e2e9,6a449eaf3e24124ff06a4a45,6a44a09b3e24124ff06a4bea,2026-09-12,2026-09-12T00:00:00Z,6a44a98f3e24124ff06a53e4,6a44a9ef3e24124ff06a5439,2026-09-12T06:08:09.764Z,2026-09-12T12:56:04.004Z,mobile,mobile,408,false,0,half_day,,,,,false,,6aa4ec49e022c457e918e2e9,2026-09-12T06:08:09.771Z,2026-09-12T12:56:04.034Z,[],0,false,,,2026-09-12T10:23:09.764Z,,
6aa773dce022c457e91921cd,6a449eaf3e24124ff06a4a45,6a83e75e6f3873f3ef148d65,2026-09-14,2026-09-14T00:00:00Z,6a44a98f3e24124ff06a53e4,6a44a9ef3e24124ff06a5439,2026-09-14T04:11:08.333Z,2026-09-14T12:43:59.608Z,desktop,mobile,513,false,0,present,,,,,false,,6aa773dce022c457e91921cd,2026-09-14T04:11:08.348Z,2026-09-14T12:43:59.615Z,[],0,false,,,,,
6aa773e4e022c457e9192232,6a449eaf3e24124ff06a4a45,6a44ab783e24124ff06a557f,2026-09-14,2026-09-14T00:00:00Z,6a44a98f3e24124ff06a53e4,6a44a9ef3e24124ff06a5439,2026-09-14T04:11:16.749Z,2026-09-14T12:41:38.320Z,mobile,mobile,510,false,0,present,,,,,false,,6aa773e4e022c457e9192232,2026-09-14T04:11:16.768Z,2026-09-14T12:41:38.330Z,[],0,false,,,,,
6aa7745ce022c457e919247e,6a449eaf3e24124ff06a4a45,6a9e9607747e9a82720fd775,2026-09-14,2026-09-14T00:00:00Z,6a44a98f3e24124ff06a53e4,6a44a9ef3e24124ff06a5439,2026-09-14T04:13:16.813Z,2026-09-14T12:45:05.689Z,mobile,mobile,512,false,0,present,,,,,false,,6aa7745ce022c457e919247e,2026-09-14T04:13:16.825Z,2026-09-14T12:45:05.700Z,[],0,false,,,,,
6aa8c127e022c457e9193e72,6a449eaf3e24124ff06a4a45,6a44abdc3e24124ff06a5641,2026-09-15,2026-09-15T00:00:00Z,6a44a98f3e24124ff06a53e4,6a44a9ef3e24124ff06a5439,2026-09-15T03:53:11.394Z,2026-09-15T12:37:08.089Z,mobile,mobile,524,false,0,present,,,,,false,,6aa8c127e022c457e9193e72,2026-09-15T03:53:11.404Z,2026-09-15T12:37:08.095Z,[],0,false,,,,,
6aa8c315e022c457e9193f73,6a449eaf3e24124ff06a4a45,6a83e75e6f3873f3ef148d65,2026-09-15,2026-09-15T00:00:00Z,6a44a98f3e24124ff06a53e4,6a44a9ef3e24124ff06a5439,2026-09-15T04:01:25.344Z,2026-09-15T12:33:49.389Z,mobile,desktop,512,false,0,present,,,,,false,,6aa8c315e022c457e9193f73,2026-09-15T04:01:25.354Z,2026-09-15T12:33:49.404Z,[],0,false,,,,,
6aa8c367e022c457e9194028,6a449eaf3e24124ff06a4a45,6a44ab783e24124ff06a557f,2026-09-15,2026-09-15T00:00:00Z,6a44a98f3e24124ff06a53e4,6a44a9ef3e24124ff06a5439,2026-09-15T04:02:47.412Z,2026-09-15T12:39:33.416Z,mobile,mobile,517,false,0,present,,,,,false,,6aa8c367e022c457e9194028,2026-09-15T04:02:47.419Z,2026-09-15T12:39:33.426Z,[],0,false,,,,,
6aa8c3ede022c457e9194181,6a449eaf3e24124ff06a4a45,6a9e9607747e9a82720fd775,2026-09-15,2026-09-15T00:00:00Z,6a44a98f3e24124ff06a53e4,6a44a9ef3e24124ff06a5439,2026-09-15T04:05:01.341Z,2026-09-15T12:36:38.908Z,mobile,mobile,512,false,0,present,,,,,false,,6aa8c3ede022c457e9194181,2026-09-15T04:05:01.362Z,2026-09-15T12:36:38.918Z,[],0,false,,,,,
6aa8c95ee022c457e9194293,6a449eaf3e24124ff06a4a45,6a44a1d53e24124ff06a4cf5,2026-09-15,2026-09-15T00:00:00Z,6a44a98f3e24124ff06a53e4,6a44a9ef3e24124ff06a5439,2026-09-15T04:28:14.551Z,2026-09-15T12:42:04.474Z,mobile,mobile,494,false,0,half_day,,,,,false,,6aa8c95ee022c457e9194293,2026-09-15T04:28:14.560Z,2026-09-15T12:42:04.506Z,[],0,false,,,,,
6aa8ca5be022c457e91943fe,6a449eaf3e24124ff06a4a45,6a756bf021962872dcd3066f,2026-09-15,2026-09-15T00:00:00Z,6a44a98f3e24124ff06a53e4,,2026-09-15T04:32:27.043Z,2026-09-15T12:35:45.125Z,desktop,desktop,483,true,2,half_day,,,,,false,,6aa8ca5be022c457e91943fe,2026-09-15T04:32:27.091Z,2026-09-15T12:35:45.130Z,[],0,false,,,2026-09-15T08:47:27.043Z,,
6aaa148ee022c457e919951c,6a449eaf3e24124ff06a4a45,6a83e75e6f3873f3ef148d65,2026-09-16,2026-09-16T00:00:00Z,6a44a98f3e24124ff06a53e4,6a44a9ef3e24124ff06a5439,2026-09-16T04:01:18.848Z,2026-09-16T12:33:18.151Z,mobile,desktop,512,false,0,present,,,,,false,,6aaa148ee022c457e919951c,2026-09-16T04:01:18.864Z,2026-09-16T12:33:18.175Z,[],0,false,,,,,
6aaa1771e022c457e9199786,6a449eaf3e24124ff06a4a45,6a44abdc3e24124ff06a5641,2026-09-16,2026-09-16T00:00:00Z,6a44a98f3e24124ff06a53e4,6a44a9ef3e24124ff06a5439,2026-09-16T04:00:00Z,2026-09-16T12:35:57.069Z,manual,mobile,516,false,0,present,,6a50bc3f41a999f8777ce3ec,Yashraj Joshi,2026-09-16T12:15:53.779Z,false,,6aaa1771e022c457e9199786,2026-09-16T04:13:37.740Z,2026-09-16T12:35:57.079Z,[],0,false,,,,,
6aaa1776e022c457e91997c4,6a449eaf3e24124ff06a4a45,6a44a1d53e24124ff06a4cf5,2026-09-16,2026-09-16T00:00:00Z,6a44a98f3e24124ff06a53e4,6a44a9ef3e24124ff06a5439,2026-09-16T04:13:42.197Z,2026-09-16T12:51:32.241Z,mobile,mobile,518,false,0,present,,,,,false,,6aaa1776e022c457e91997c4,2026-09-16T04:13:42.205Z,2026-09-16T12:51:32.251Z,[],0,false,,,,,
6aaa1844e022c457e9199918,6a449eaf3e24124ff06a4a45,6a44ab783e24124ff06a557f,2026-09-16,2026-09-16T00:00:00Z,6a44a98f3e24124ff06a53e4,6a44a9ef3e24124ff06a5439,2026-09-16T04:17:08.691Z,2026-09-16T12:43:04.299Z,mobile,mobile,506,false,0,half_day,,,,,false,,6aaa1844e022c457e9199918,2026-09-16T04:17:08.702Z,2026-09-16T12:43:04.321Z,[],0,false,,,,,
6aaa1e96e022c457e9199c23,6a449eaf3e24124ff06a4a45,6a756bf021962872dcd3066f,2026-09-16,2026-09-16T00:00:00Z,6a44a98f3e24124ff06a53e4,,2026-09-16T04:44:06.568Z,2026-09-16T08:59:06.568Z,desktop,system_auto,255,true,14,half_day,Auto checked-out -- forgot to check out (shift ended without a check-out).,,,,false,,6aaa1e96e022c457e9199c23,2026-09-16T04:44:06.578Z,2026-09-22T06:03:54.905Z,[],0,false,,,2026-09-16T08:59:06.568Z,,
6aaa21eae022c457e919a07c,6a449eaf3e24124ff06a4a45,6a9e9607747e9a82720fd775,2026-09-16,2026-09-16T00:00:00Z,6a44a98f3e24124ff06a53e4,6a44a9ef3e24124ff06a5439,2026-09-16T04:58:18.481Z,2026-09-16T12:28:32.717Z,mobile,mobile,450,false,28,present,,,,,false,,6aaa21eae022c457e919a07c,2026-09-16T04:58:18.493Z,2026-09-16T12:28:32.738Z,"[""late_check_in"",""early_checkout""]",0,false,,,,,
6aaa7cb4ddbfaafdd73b6f2e,6a449eaf3e24124ff06a4a45,6a44a09b3e24124ff06a4bea,2026-09-16,2026-09-16T00:00:00Z,6a44a98f3e24124ff06a53e4,6a44a9ef3e24124ff06a5439,2026-09-16T04:00:00Z,2026-09-16T12:37:51.560Z,manual,mobile,518,false,0,present,,6a50bc3f41a999f8777ce3ec,Yashraj Joshi,2026-09-16T12:16:04.042Z,false,,6aaa7cb4ddbfaafdd73b6f2e,2026-09-16T11:25:40.134Z,2026-09-16T12:37:51.566Z,[],0,false,,,,,
6aab673dddbfaafdd73b9bb3,6a449eaf3e24124ff06a4a45,6a44abdc3e24124ff06a5641,2026-09-17,2026-09-17T00:00:00Z,6a44a98f3e24124ff06a53e4,6a44a9ef3e24124ff06a5439,2026-09-17T04:01:21.529Z,2026-09-17T12:36:37.749Z,mobile,mobile,515,false,0,present,,,,,false,,6aab673dddbfaafdd73b9bb3,2026-09-17T04:06:21.553Z,2026-09-17T12:36:37.756Z,[],0,false,,,,,
6aab678eddbfaafdd73b9d0a,6a449eaf3e24124ff06a4a45,6a83e75e6f3873f3ef148d65,2026-09-17,2026-09-17T00:00:00Z,6a44a98f3e24124ff06a53e4,6a44a9ef3e24124ff06a5439,2026-09-17T04:07:42.565Z,2026-09-17T12:38:55.575Z,desktop,mobile,511,false,0,present,,,,,false,,6aab678eddbfaafdd73b9d0a,2026-09-17T04:07:42.573Z,2026-09-17T12:38:55.582Z,[],0,false,,,,,
6aab67b9ddbfaafdd73b9eaa,6a449eaf3e24124ff06a4a45,6a44ab783e24124ff06a557f,2026-09-17,2026-09-17T00:00:00Z,6a44a98f3e24124ff06a53e4,6a44a9ef3e24124ff06a5439,2026-09-17T04:04:25.864Z,2026-09-17T12:36:53.386Z,mobile,mobile,512,false,0,present,,,,,false,,6aab67b9ddbfaafdd73b9eaa,2026-09-17T04:08:25.870Z,2026-09-17T12:36:53.395Z,[],0,false,,,,,
6aab67f0ddbfaafdd73b9fb2,6a449eaf3e24124ff06a4a45,6a44a1d53e24124ff06a4cf5,2026-09-17,2026-09-17T00:00:00Z,6a44a98f3e24124ff06a53e4,6a44a9ef3e24124ff06a5439,2026-09-17T04:09:20.803Z,2026-09-17T12:42:08.149Z,mobile,mobile,513,false,0,present,,,,,false,,6aab67f0ddbfaafdd73b9fb2,2026-09-17T04:09:20.822Z,2026-09-17T12:42:08.162Z,[],0,false,,,,,
6aab710addbfaafdd73ba44c,6a449eaf3e24124ff06a4a45,6a9e9607747e9a82720fd775,2026-09-17,2026-09-17T00:00:00Z,6a44a98f3e24124ff06a53e4,6a44a9ef3e24124ff06a5439,2026-09-17T04:48:10.901Z,2026-09-17T12:26:52.984Z,mobile,mobile,459,false,18,present,,,,,false,,6aab710addbfaafdd73ba44c,2026-09-17T04:48:10.913Z,2026-09-17T12:26:52.999Z,"[""late_check_in"",""early_checkout""]",0,false,,,,,
6aabdc91ddbfaafdd73bc14b,6a449eaf3e24124ff06a4a45,6a44a09b3e24124ff06a4bea,2026-09-17,2026-09-17T00:00:00Z,6a44a98f3e24124ff06a53e4,6a44a9ef3e24124ff06a5439,2026-09-17T04:05:00Z,2026-09-17T12:36:21.314Z,manual,mobile,511,false,0,present,,6a449eaf3e24124ff06a4a45,Signet AI,2026-09-17T12:28:46.935Z,false,,6aabdc91ddbfaafdd73bc14b,2026-09-17T12:26:57.938Z,2026-09-17T12:36:21.326Z,[],0,false,,,,,
6aacb69dddbfaafdd73be67f,6a449eaf3e24124ff06a4a45,6a44ab783e24124ff06a557f,2026-09-18,2026-09-18T00:00:00Z,6a44a98f3e24124ff06a53e4,6a44a9ef3e24124ff06a5439,2026-09-18T03:57:17.110Z,2026-09-18T12:34:06.294Z,mobile,mobile,517,false,0,present,,,,,false,,6aacb69dddbfaafdd73be67f,2026-09-18T03:57:17.127Z,2026-09-18T12:34:06.301Z,[],0,false,,,,,
6aacb800ddbfaafdd73be750,6a449eaf3e24124ff06a4a45,6a83e75e6f3873f3ef148d65,2026-09-18,2026-09-18T00:00:00Z,6a44a98f3e24124ff06a53e4,6a44a9ef3e24124ff06a5439,2026-09-18T04:03:12.954Z,2026-09-18T12:34:56.045Z,mobile,desktop,512,false,0,present,,,,,false,,6aacb800ddbfaafdd73be750,2026-09-18T04:03:12.959Z,2026-09-18T12:34:56.055Z,[],0,false,,,,,
6aacb8c8ddbfaafdd73be806,6a449eaf3e24124ff06a4a45,6a44abdc3e24124ff06a5641,2026-09-18,2026-09-18T00:00:00Z,6a44a98f3e24124ff06a53e4,6a44a9ef3e24124ff06a5439,2026-09-18T04:06:32.072Z,2026-09-18T12:38:16.600Z,mobile,mobile,512,false,0,present,,,,,false,,6aacb8c8ddbfaafdd73be806,2026-09-18T04:06:32.085Z,2026-09-18T12:38:16.607Z,[],0,false,,,,,
6aacb9f9ddbfaafdd73be94d,6a449eaf3e24124ff06a4a45,6a44a1d53e24124ff06a4cf5,2026-09-18,2026-09-18T00:00:00Z,6a44a98f3e24124ff06a53e4,6a44a9ef3e24124ff06a5439,2026-09-18T04:11:37.777Z,2026-09-18T12:43:09.345Z,mobile,mobile,512,false,0,present,,,,,false,,6aacb9f9ddbfaafdd73be94d,2026-09-18T04:11:37.784Z,2026-09-18T12:43:09.358Z,[],0,false,,,,,
6aacc83cddbfaafdd73bf4af,6a449eaf3e24124ff06a4a45,6a44a09b3e24124ff06a4bea,2026-09-18,2026-09-18T00:00:00Z,6a44a98f3e24124ff06a53e4,6a44a9ef3e24124ff06a5439,2026-09-18T05:12:28.320Z,2026-09-18T12:43:48.475Z,mobile,mobile,451,true,42,half_day,,,,,false,,6aacc83cddbfaafdd73bf4af,2026-09-18T05:12:28.336Z,2026-09-18T12:43:48.489Z,[],0,false,,,2026-09-18T09:27:28.320Z,,
6aacc99cddbfaafdd73bfc2e,6a449eaf3e24124ff06a4a45,6a9e9607747e9a82720fd775,2026-09-18,2026-09-18T00:00:00Z,6a44a98f3e24124ff06a53e4,6a44a9ef3e24124ff06a5439,2026-09-18T05:18:20.323Z,2026-09-18T12:33:06.506Z,mobile,mobile,435,true,48,half_day,,,,,false,,6aacc99cddbfaafdd73bfc2e,2026-09-18T05:18:20.332Z,2026-09-18T12:33:06.517Z,[],0,false,,,2026-09-18T09:33:20.323Z,,
6aacf6924db7a14095199b3a,6a449eaf3e24124ff06a4a45,6a9e5ac0747e9a82720fadb0,2026-09-18,2026-09-18T00:00:00Z,6a44a98f3e24124ff06a53e4,6a44a9ef3e24124ff06a5439,2026-09-18T04:30:00Z,2026-09-18T13:00:00Z,manual,system_auto,510,false,0,present,Auto checked-out -- forgot to check out (shift ended without a check-out).,6a50bc3f41a999f8777ce3ec,Yashraj Joshi,2026-09-18T08:30:10.917Z,false,,6aacf6924db7a14095199b3a,2026-09-18T08:30:10.922Z,2026-09-22T06:03:54.925Z,[],0,false,,,,,
6aad15084db7a1409519b586,6a449eaf3e24124ff06a4a45,6a756bf021962872dcd3066f,2026-09-18,2026-09-18T00:00:00Z,6a44a98f3e24124ff06a53e4,,2026-09-18T10:40:08.618Z,2026-09-18T12:38:12.384Z,desktop,desktop,118,false,0,absent,,,,,false,,6aad15084db7a1409519b586,2026-09-18T10:40:08.635Z,2026-09-18T12:38:12.404Z,[],0,false,,,2026-09-18T14:55:08.618Z,,
6aae09354db7a1409519e86b,6a449eaf3e24124ff06a4a45,6a83e75e6f3873f3ef148d65,2026-09-19,2026-09-19T00:00:00Z,6a44a98f3e24124ff06a53e4,6a44a9ef3e24124ff06a5439,2026-09-19T04:01:57.177Z,2026-09-19T18:12:10.041Z,mobile,desktop,850,false,0,present,,,,,false,,6aae09354db7a1409519e86b,2026-09-19T04:01:57.200Z,2026-09-19T18:12:10.056Z,[],0,false,,,,,
6aae0a414db7a1409519e9bf,6a449eaf3e24124ff06a4a45,6a44ab783e24124ff06a557f,2026-09-19,2026-09-19T00:00:00Z,6a44a98f3e24124ff06a53e4,6a44a9ef3e24124ff06a5439,2026-09-19T04:06:25.032Z,2026-09-19T12:36:25.032Z,mobile,system_auto,510,false,0,present,Auto checked-out -- forgot to check out (shift ended without a check-out).,,,,false,,6aae0a414db7a1409519e9bf,2026-09-19T04:06:25.044Z,2026-09-22T06:03:54.935Z,[],0,false,,,,,
6aae0af34db7a1409519ea97,6a449eaf3e24124ff06a4a45,6a44a1d53e24124ff06a4cf5,2026-09-19,2026-09-19T00:00:00Z,6a44a98f3e24124ff06a53e4,6a44a9ef3e24124ff06a5439,2026-09-19T04:09:23.956Z,2026-09-19T10:20:00Z,mobile,manual,371,false,0,half_day,,6a50bc3f41a999f8777ce3ec,Yashraj Joshi,2026-09-19T10:49:18.676Z,false,,6aae0af34db7a1409519ea97,2026-09-19T04:09:23.962Z,2026-09-19T10:49:18.677Z,[],0,false,,,,,
6aae110b4db7a1409519f459,6a449eaf3e24124ff06a4a45,6a756bf021962872dcd3066f,2026-09-19,2026-09-19T00:00:00Z,6a44a98f3e24124ff06a53e4,,2026-09-19T04:35:23.212Z,2026-09-19T12:42:06.319Z,desktop,desktop,487,true,5,half_day,,,,,false,,6aae110b4db7a1409519f459,2026-09-19T04:35:23.229Z,2026-09-19T12:42:06.325Z,[],0,false,,,2026-09-19T08:50:23.212Z,,
6aae13a24db7a1409519faa0,6a449eaf3e24124ff06a4a45,6a44a09b3e24124ff06a4bea,2026-09-19,2026-09-19T00:00:00Z,6a44a98f3e24124ff06a53e4,6a44a9ef3e24124ff06a5439,2026-09-19T04:46:26.613Z,2026-09-19T09:02:03.097Z,mobile,mobile,256,true,16,half_day,,,,,false,,6aae13a24db7a1409519faa0,2026-09-19T04:46:26.624Z,2026-09-19T09:02:03.154Z,[],0,false,,,2026-09-19T09:01:26.613Z,,
6aae13ec4db7a1409519fd04,6a449eaf3e24124ff06a4a45,6a9e5ac0747e9a82720fadb0,2026-09-19,2026-09-19T00:00:00Z,6a44a98f3e24124ff06a53e4,6a44a9ef3e24124ff06a5439,2026-09-19T04:47:40.660Z,2026-09-19T09:02:40.660Z,mobile,system_auto,255,true,17,half_day,Auto checked-out -- forgot to check out (shift ended without a check-out).,,,,false,,6aae13ec4db7a1409519fd04,2026-09-19T04:47:40.669Z,2026-09-22T06:03:54.942Z,[],0,false,,,2026-09-19T09:02:40.660Z,,
6aae189b4db7a140951a020f,6a449eaf3e24124ff06a4a45,6a9e9607747e9a82720fd775,2026-09-19,2026-09-19T00:00:00Z,6a44a98f3e24124ff06a53e4,6a44a9ef3e24124ff06a5439,2026-09-19T05:07:39.599Z,2026-09-19T08:48:00Z,mobile,manual,220,true,37,absent,,6a50bc3f41a999f8777ce3ec,Yashraj Joshi,2026-09-19T08:48:20.236Z,false,,6aae189b4db7a140951a020f,2026-09-19T05:07:39.618Z,2026-09-19T08:48:20.238Z,[],0,false,,,,,
6ab0a9b94db7a140951a65d5,6a449eaf3e24124ff06a4a45,6a83e75e6f3873f3ef148d65,2026-09-21,2026-09-21T00:00:00Z,6a44a98f3e24124ff06a53e4,6a44a9ef3e24124ff06a5439,2026-09-21T03:51:21.577Z,2026-09-21T12:25:43.576Z,mobile,desktop,514,false,0,half_day,,,,,false,,6ab0a9b94db7a140951a65d5,2026-09-21T03:51:21.588Z,2026-09-21T12:25:43.588Z,[],0,false,,,,,
6ab0ad2b4db7a140951a6888,6a449eaf3e24124ff06a4a45,6a44abdc3e24124ff06a5641,2026-09-21,2026-09-21T00:00:00Z,6a44a98f3e24124ff06a53e4,6a44a9ef3e24124ff06a5439,2026-09-21T04:06:03.369Z,2026-09-21T12:36:35.658Z,mobile,mobile,511,false,0,present,,,,,false,,6ab0ad2b4db7a140951a6888,2026-09-21T04:06:03.377Z,2026-09-21T12:36:35.665Z,[],0,false,,,,,
6ab0ade24db7a140951a696f,6a449eaf3e24124ff06a4a45,6a44ab783e24124ff06a557f,2026-09-21,2026-09-21T00:00:00Z,6a44a98f3e24124ff06a53e4,6a44a9ef3e24124ff06a5439,2026-09-21T04:09:06.228Z,2026-09-21T12:50:55.204Z,mobile,mobile,522,false,0,present,,,,,false,,6ab0ade24db7a140951a696f,2026-09-21T04:09:06.240Z,2026-09-21T12:50:55.210Z,[],0,false,,,,,
6ab0aec04db7a140951a6a55,6a449eaf3e24124ff06a4a45,6a44a1d53e24124ff06a4cf5,2026-09-21,2026-09-21T00:00:00Z,6a44a98f3e24124ff06a53e4,6a44a9ef3e24124ff06a5439,2026-09-21T04:12:48.139Z,2026-09-21T12:50:33.710Z,mobile,mobile,518,false,0,present,,,,,false,,6ab0aec04db7a140951a6a55,2026-09-21T04:12:48.146Z,2026-09-21T12:50:33.717Z,[],0,false,,,,,
6ab0b0004db7a140951a6ce7,6a449eaf3e24124ff06a4a45,6a9e9607747e9a82720fd775,2026-09-21,2026-09-21T00:00:00Z,6a44a98f3e24124ff06a53e4,6a44a9ef3e24124ff06a5439,2026-09-21T04:18:08.185Z,2026-09-21T12:48:56.465Z,mobile,mobile,511,false,0,present,,,,,false,,6ab0b0004db7a140951a6ce7,2026-09-21T04:18:08.204Z,2026-09-21T12:48:56.474Z,[],0,false,,,,,
6ab0b45f4db7a140951a6f15,6a449eaf3e24124ff06a4a45,6a9e5ac0747e9a82720fadb0,2026-09-21,2026-09-21T00:00:00Z,6a44a98f3e24124ff06a53e4,6a44a9ef3e24124ff06a5439,2026-09-21T04:36:47.331Z,2026-09-21T12:37:35.180Z,mobile,mobile,481,true,6,half_day,,,,,false,,6ab0b45f4db7a140951a6f15,2026-09-21T04:36:47.346Z,2026-09-21T12:37:35.190Z,[],0,false,,,2026-09-21T08:51:47.331Z,,
6ab0b4764db7a140951a6fff,6a449eaf3e24124ff06a4a45,6a756bf021962872dcd3066f,2026-09-21,2026-09-21T00:00:00Z,6a44a98f3e24124ff06a53e4,,2026-09-21T04:37:10.108Z,2026-09-21T12:36:44.943Z,desktop,desktop,480,true,7,half_day,,,,,false,,6ab0b4764db7a140951a6fff,2026-09-21T04:37:10.120Z,2026-09-21T12:36:44.948Z,[],0,false,,,2026-09-21T08:52:10.108Z,,
6ab0cb374db7a140951a7925,6a449eaf3e24124ff06a4a45,6a44a09b3e24124ff06a4bea,2026-09-21,2026-09-21T00:00:00Z,6a44a98f3e24124ff06a53e4,6a44a9ef3e24124ff06a5439,2026-09-21T06:14:00Z,2026-09-21T12:30:00Z,manual,manual,376,false,0,half_day,Auto checked-out -- forgot to check out (shift ended without a check-out).,6a449eaf3e24124ff06a4a45,Signet AI,2026-09-23T05:45:55.117Z,false,,6ab0cb374db7a140951a7925,2026-09-21T06:14:15.577Z,2026-09-23T05:45:55.118Z,[],0,false,,,2026-09-21T10:29:00Z,,
6ab1fb074db7a140951ac13d,6a449eaf3e24124ff06a4a45,6a44abdc3e24124ff06a5641,2026-09-22,2026-09-22T00:00:00Z,6a44a98f3e24124ff06a53e4,6a44a9ef3e24124ff06a5439,2026-09-22T03:50:31.424Z,2026-09-22T12:30:00Z,mobile,system_auto,519,false,0,present,Auto checked-out -- forgot to check out (shift ended without a check-out).,,,,false,,6ab1fb074db7a140951ac13d,2026-09-22T03:50:31.434Z,2026-09-22T18:33:54.652Z,[],0,false,,,,,
6ab1fd614db7a140951ac3c4,6a449eaf3e24124ff06a4a45,6a83e75e6f3873f3ef148d65,2026-09-22,2026-09-22T00:00:00Z,6a44a98f3e24124ff06a53e4,6a44a9ef3e24124ff06a5439,2026-09-22T04:00:33.559Z,2026-09-22T12:32:48.567Z,mobile,desktop,512,false,0,present,,,,,false,,6ab1fd614db7a140951ac3c4,2026-09-22T04:00:33.570Z,2026-09-22T12:32:48.581Z,[],0,false,,,,,
6ab1ff924db7a140951ac677,6a449eaf3e24124ff06a4a45,6a44ab783e24124ff06a557f,2026-09-22,2026-09-22T00:00:00Z,6a44a98f3e24124ff06a53e4,6a44a9ef3e24124ff06a5439,2026-09-22T04:03:54.651Z,2026-09-22T12:38:14.496Z,mobile,mobile,514,false,0,present,,,,,false,,6ab1ff924db7a140951ac677,2026-09-22T04:09:54.662Z,2026-09-22T12:38:14.512Z,[],0,false,,,,,
6ab200164db7a140951ac779,6a449eaf3e24124ff06a4a45,6a9e9607747e9a82720fd775,2026-09-22,2026-09-22T00:00:00Z,6a44a98f3e24124ff06a53e4,6a44a9ef3e24124ff06a5439,2026-09-22T04:12:06.258Z,2026-09-22T12:26:00.559Z,mobile,mobile,494,false,0,half_day,,,,,false,,6ab200164db7a140951ac779,2026-09-22T04:12:06.273Z,2026-09-22T12:26:00.587Z,[],0,false,,,,,
6ab201274db7a140951ac8d2,6a449eaf3e24124ff06a4a45,6a44a1d53e24124ff06a4cf5,2026-09-22,2026-09-22T00:00:00Z,6a44a98f3e24124ff06a53e4,6a44a9ef3e24124ff06a5439,2026-09-22T04:16:39.507Z,2026-09-22T12:46:39.507Z,mobile,system_auto,510,false,0,present,Auto checked-out -- forgot to check out (shift ended without a check-out).,,,,false,,6ab201274db7a140951ac8d2,2026-09-22T04:16:39.518Z,2026-09-22T18:33:54.660Z,[],0,false,,,,,
6ab206224db7a140951acbb5,6a449eaf3e24124ff06a4a45,6a44a09b3e24124ff06a4bea,2026-09-22,2026-09-22T00:00:00Z,6a44a98f3e24124ff06a53e4,6a44a9ef3e24124ff06a5439,2026-09-22T04:37:00Z,2026-09-22T12:20:00Z,manual,manual,463,true,7,half_day,Auto checked-out -- forgot to check out (shift ended without a check-out).,6a50bc3f41a999f8777ce3ec,Yashraj Joshi,2026-09-23T07:02:25.656Z,false,,6ab206224db7a140951acbb5,2026-09-22T04:37:54.900Z,2026-09-23T07:02:25.658Z,[],0,false,,,,,
6ab207354db7a140951ace4c,6a449eaf3e24124ff06a4a45,6a9e5ac0747e9a82720fadb0,2026-09-22,2026-09-22T00:00:00Z,6a44a98f3e24124ff06a53e4,6a44a9ef3e24124ff06a5439,2026-09-22T04:42:29.764Z,2026-09-22T12:24:36.038Z,mobile,mobile,462,true,12,half_day,,,,,false,,6ab207354db7a140951ace4c,2026-09-22T04:42:29.778Z,2026-09-22T12:24:36.046Z,[],0,false,,,2026-09-22T08:57:29.764Z,,
6ab207364db7a140951ace87,6a449eaf3e24124ff06a4a45,6a756bf021962872dcd3066f,2026-09-22,2026-09-22T00:00:00Z,6a44a98f3e24124ff06a53e4,,2026-09-22T04:42:30.442Z,2026-09-22T12:53:37.978Z,desktop,desktop,491,true,12,half_day,,,,,false,,6ab207364db7a140951ace87,2026-09-22T04:42:30.452Z,2026-09-22T12:53:37.988Z,[],0,false,,,2026-09-22T08:57:30.442Z,,
6ab2798b914d28b64735284c,6a449eaf3e24124ff06a4a45,6a967f42ac7a75116d63c8cf,2026-09-22,2026-09-22T00:00:00Z,6a44a98f3e24124ff06a53e4,,2026-09-22T12:50:19.992Z,2026-09-22T17:05:19.992Z,tablet,system_auto,255,false,0,half_day,Auto checked-out -- forgot to check out (shift ended without a check-out).,,,,false,,6ab2798b914d28b64735284c,2026-09-22T12:50:20.006Z,2026-09-22T18:33:54.674Z,[],0,false,,,2026-09-22T17:05:19.992Z,,
6ab34de2914d28b647353642,6a449eaf3e24124ff06a4a45,6a44abdc3e24124ff06a5641,2026-09-23,2026-09-23T00:00:00Z,6a44a98f3e24124ff06a53e4,6a44a9ef3e24124ff06a5439,2026-09-23T03:56:18.477Z,2026-09-23T12:45:03.433Z,mobile,mobile,529,false,0,present,,,,,false,,6ab34de2914d28b647353642,2026-09-23T03:56:18.485Z,2026-09-23T12:45:03.447Z,[],0,false,,,,,
6ab34e9c914d28b647353714,6a449eaf3e24124ff06a4a45,6a44ab783e24124ff06a557f,2026-09-23,2026-09-23T00:00:00Z,6a44a98f3e24124ff06a53e4,6a44a9ef3e24124ff06a5439,2026-09-23T03:59:24.171Z,2026-09-23T12:43:46.678Z,mobile,mobile,524,false,0,present,,,,,false,,6ab34e9c914d28b647353714,2026-09-23T03:59:24.179Z,2026-09-23T12:43:46.688Z,[],0,false,,,,,
6ab35159914d28b647353894,6a449eaf3e24124ff06a4a45,6a9e9607747e9a82720fd775,2026-09-23,2026-09-23T00:00:00Z,6a44a98f3e24124ff06a53e4,6a44a9ef3e24124ff06a5439,2026-09-23T04:11:05.742Z,2026-09-23T12:35:00.608Z,mobile,mobile,504,false,0,half_day,,,,,false,,6ab35159914d28b647353894,2026-09-23T04:11:05.750Z,2026-09-23T12:35:00.639Z,[],0,false,,,,,
6ab351c7914d28b647353a3a,6a449eaf3e24124ff06a4a45,6a44a1d53e24124ff06a4cf5,2026-09-23,2026-09-23T00:00:00Z,6a44a98f3e24124ff06a53e4,6a44a9ef3e24124ff06a5439,2026-09-23T04:12:55.674Z,2026-09-23T12:33:12.196Z,mobile,mobile,500,false,0,half_day,,,,,false,,6ab351c7914d28b647353a3a,2026-09-23T04:12:55.680Z,2026-09-23T12:33:12.205Z,[],0,false,,,,,
6ab35676914d28b64735423d,6a449eaf3e24124ff06a4a45,6a44a09b3e24124ff06a4bea,2026-09-23,2026-09-23T00:00:00Z,6a44a98f3e24124ff06a53e4,6a44a9ef3e24124ff06a5439,2026-09-23T04:32:54.102Z,2026-09-23T12:30:47.853Z,mobile,mobile,478,true,2,half_day,,,,,false,,6ab35676914d28b64735423d,2026-09-23T04:32:54.112Z,2026-09-23T12:30:47.862Z,[],0,false,,,2026-09-23T08:47:54.102Z,,
6ab359b1914d28b6473551a4,6a449eaf3e24124ff06a4a45,6a756bf021962872dcd3066f,2026-09-23,2026-09-23T00:00:00Z,6a44a98f3e24124ff06a53e4,,2026-09-23T04:46:41.215Z,2026-09-23T09:01:41.215Z,desktop,system_auto,255,true,16,half_day,Auto checked-out -- forgot to check out (shift ended without a check-out).,,,,false,,6ab359b1914d28b6473551a4,2026-09-23T04:46:41.224Z,2026-09-23T18:33:54.661Z,[],0,false,,,2026-09-23T09:01:41.215Z,,
6ab359bc914d28b647355214,6a449eaf3e24124ff06a4a45,6a9e5ac0747e9a82720fadb0,2026-09-23,2026-09-23T00:00:00Z,6a44a98f3e24124ff06a53e4,6a44a9ef3e24124ff06a5439,2026-09-23T04:46:52.705Z,2026-09-23T09:01:52.705Z,mobile,system_auto,255,true,16,half_day,Auto checked-out -- forgot to check out (shift ended without a check-out).,,,,false,,6ab359bc914d28b647355214,2026-09-23T04:46:52.716Z,2026-09-23T18:33:54.677Z,[],0,false,,,2026-09-23T09:01:52.705Z,,
6ab49f86914d28b64735b556,6a449eaf3e24124ff06a4a45,6a44abdc3e24124ff06a5641,2026-09-24,2026-09-24T00:00:00Z,6a44a98f3e24124ff06a53e4,6a44a9ef3e24124ff06a5439,2026-09-24T03:56:54.337Z,,mobile,,0,false,0,present,,,,,false,,6ab49f86914d28b64735b556,2026-09-24T03:56:54.347Z,2026-09-24T03:56:54.347Z,[],0,false,,,,,
6ab4a013914d28b64735b616,6a449eaf3e24124ff06a4a45,6a44ab783e24124ff06a557f,2026-09-24,2026-09-24T00:00:00Z,6a44a98f3e24124ff06a53e4,6a44a9ef3e24124ff06a5439,2026-09-24T03:59:15.143Z,,mobile,,0,false,0,present,,,,,false,,6ab4a013914d28b64735b616,2026-09-24T03:59:15.150Z,2026-09-24T03:59:15.150Z,[],0,false,,,,,
6ab4a1a0914d28b64735b7a1,6a449eaf3e24124ff06a4a45,6a83e75e6f3873f3ef148d65,2026-09-24,2026-09-24T00:00:00Z,6a44a98f3e24124ff06a53e4,6a44a9ef3e24124ff06a5439,2026-09-24T04:05:52.637Z,,desktop,,0,false,0,present,,,,,false,,6ab4a1a0914d28b64735b7a1,2026-09-24T04:05:52.646Z,2026-09-24T04:05:52.646Z,[],0,false,,,,,
6ab4a42f914d28b64735ba48,6a449eaf3e24124ff06a4a45,6a44a1d53e24124ff06a4cf5,2026-09-24,2026-09-24T00:00:00Z,6a44a98f3e24124ff06a53e4,6a44a9ef3e24124ff06a5439,2026-09-24T04:16:47.677Z,,mobile,,0,false,0,present,,,,,false,,6ab4a42f914d28b64735ba48,2026-09-24T04:16:47.692Z,2026-09-24T04:16:47.692Z,[],0,false,,,,,
6ab4a4fd914d28b64735bad6,6a449eaf3e24124ff06a4a45,6a9e9607747e9a82720fd775,2026-09-24,2026-09-24T00:00:00Z,6a44a98f3e24124ff06a53e4,6a44a9ef3e24124ff06a5439,2026-09-24T04:20:13.421Z,,mobile,,0,false,0,present,,,,,false,,6ab4a4fd914d28b64735bad6,2026-09-24T04:20:13.441Z,2026-09-24T04:20:13.441Z,[],0,false,,,,,
6ab4a888914d28b64735bd99,6a449eaf3e24124ff06a4a45,6a756bf021962872dcd3066f,2026-09-24,2026-09-24T00:00:00Z,6a44a98f3e24124ff06a53e4,,2026-09-24T04:35:20.755Z,,desktop,,0,true,5,half_day,,,,,false,,6ab4a888914d28b64735bd99,2026-09-24T04:35:20.766Z,2026-09-24T04:35:20.766Z,[],0,false,,,2026-09-24T08:50:20.755Z,,
6ab4a8ba914d28b64735bebf,6a449eaf3e24124ff06a4a45,6a9e5ac0747e9a82720fadb0,2026-09-24,2026-09-24T00:00:00Z,6a44a98f3e24124ff06a53e4,6a44a9ef3e24124ff06a5439,2026-09-24T04:36:10.195Z,,mobile,,0,true,6,half_day,,,,,false,,6ab4a8ba914d28b64735bebf,2026-09-24T04:36:10.215Z,2026-09-24T04:36:10.215Z,[],0,false,,,2026-09-24T08:51:10.195Z,,
